1,你不知道啊，那是你自己动脑筋多呢，还是呃妈妈会姐姐只考的比较多。,0
3,本来是什么呢？后来上。,1
4,好了，那我就知道了啊，我们先想一下上节课学的内容吧。,0
5,上节课学的是一个什么故事呀？,1
10,能想起来吗。,1
20,却道机工珍珠那这个公式呢是说。,0
35,他肯定会落下下。,0
45,嗯，是的故事呀，叙事的非常完整，你看啊，横轴的故事里边，我们知道了。,0
47,什么东西是最好的呀，是这有用的呀。,1
51,什么东西才是最后加知道珍珠跟。,1
58,很不错，看完呢，咱们上节课学过的内容都记得，那我现在来写一些字，你看看是不是还认识啊。,1
71,看出来了吗？,1
77,把他藏起来了，我写成这个可以来看一下啊。,0
84,对光芒什么缪呢？,1
86,你的光芒看呢？,1
106,对了，这叫什么呀？,1
114,可以呀，这就是速度快来刻画有点忘记这些加起来是不是？,1
129,珍珠的珍还是珍珠的珠。,1
147,看不到吗，,1
151,那有没有一个东西在转转圈呢？,1
156,嗯，有看见课件吗？,1
160,就是说你现在课件还没有显示出来，是不是？,1
178,嗯，那咱们看它就会扣太拿什么啦。,0
183,嗯，它们在哪里呀？,1
185,它们在干什么呢？,1
189,嗯你再看看它们是在第二题呢还是抓抓科岛呢。,1
196,什么好的，那再来看看吧。,0
201,嗯，你想一想，它们是在什么时候去抓到的。,1
205,嗯早上好，那可不可以用一句话，什么时候石头在哪里干什么来说一说呢？,1
214,哎，很好，那我们如果说嗯。,0
215,想把它写的再多一点的话呢，可不可以再说一点点更加具体的内容了，比如说它们两个形式坐着大谁是它的呢？,1
238,嗯，想白做着看一下明趴着扎蝌蚪，那你再找一找它们在这里抓蝌蚪。,0
239,结果会怎么样呢，能不能查到吗？,1
271,他们想为什么没抓到呢？为什么没抓到？,1
273,就拿着喝汤里。,0
283,嗯，你是不是嗓子有点痒了，要不要喝一点点水啊。,1
292,这个啊板带在拔河是谁大拔河呢你可不可以试着用刚才的句式然后呢把这张图来简单说一说？,1
301,它们很开心，爬着爬着一个小朋友又过来一只会一只猴子说，加油挖加油加油呢，加油，我来给你会加油，然后呢？,1
343,而且再来想一想饱和的时候那中间是不是一定会有一条绳子红色的线条啊或者说红色的绳子把他绑起来然后这里会有一个人都可以把它？,1
353,嗯，咱们到时候呢？哎可以想想，但是呀，想象呢啥呀，根据有那图片来养合理想象。,1
358,把A和B是在即将开始了运动员慢呀各个模前差长么答怎么样答咬的怎么样还要的怎么画呢。,1
368,嗯好哪些啦什么办呢？,1
370,嗯，什么是啊？,1
383,嗯，这些吗。,0
392,哦才看上升力上住比赛开始了盐那加该什么呀？,1
410,是出来的内容啊。,0
420,咱们可以这样子来想吗，可以这样子来想啊，这边这个是才派。,1
423,嗯，这边这个呢，是才派，然后这边的呢，是两个旁观者。,0
428,你这是在画什么呀？,1
430,哦，好啦，都是你的式子把这个想象不错嗯。,0
432,对呀啦啦队呢，一直在很加油加油嗯，这叫施展个比赛的画面，我们可以给它加一个结果啊，比如说哎，哪一边赢了或者哪一边输了。,0
441,那这张图片呀，我们就先说到这里，你看到啊，不管是前面两个小朋友，他们在抓蝌蚪也好，还是后边的找朋友们，他们在拔河也好，其实都是在说一。,0
445,都是在说一件事情，那么这样说一件事情的话呢，展开就可以写出什么地方呢，写出什么内容呀？,1
447,嗯嗯，这几个词语，你是不是比较熟悉呀？,1
451,啊，现在你看它说的真的六看来，我们比较熟悉了。那时间是什么时间吗？,1
455,它加是这件事情发生的时间，对不对？,1
467,那我们再来想想，咱们现在上课的这件事情哎，为什么要上课呢？,1
485,我们整个上课的过程是不是啊？,1
486,对比如说咱们一开始是不是傻了想上节课学过的基本功珍珠。,0
490,嗯然后我们要看了图片，然后还有它只讲内容，这叫什么经过了，那你能猜得到结果吗？,1
501,你今天上完一节课之后会不会有收获呀？,1
506,上完一节课会不会要烧火比如说。,1
510,所以你的收获是不是用谁来字，然后还会写看图写花了。,1
515,这啊，刚刚说到的这几个呢，就是要把一件事情写清楚的几个点，那这些点呢，是需要都写到的。,0
525,让小宝贝坐在椅子上，那么爱垫子好像很有趣。,0
532,啊，他们看样子好像还有气满一下下啊，你再来想一想，它们坐在这里算出来干什么？,1
535,妈妈让小宝贝采这是什么时候图中有谁在那里坐着。,1
539,对你看看，这是什么时候呀，要求呢在哪里呀，在做什么呀，先找到他们的状态。,1
546,那你可以告诉我，它们现在在干什么吗？,1
547,它们现在要踩地板上了几个字。,0
552,不是很清楚，那我们再来看看这里吧。,0
555,他们家该往下。,0
556,泡脚很有趣呢？,1
558,嗯，刚才在干什么了？,1
559,哦，泡脚还要去，那你看出一个人泡脚吗？还是两个人，他讲呢？,1
562,嗯，那你再让他仨宝贝的少啊，他这样子的一个动作的话呢，说明他现在在干什么呢？,1
567,嗯，我很怎么可以从这里你看一看肾小宝贝问答妈妈呢？,1
573,那我们是比如说那洗气好了啊。,0
581,对呀，所以是不是三百倍再改妈妈写角呢？,1
586,那这样子的话咱们是不是要清楚了其实图片里边他们在做什么呢那就是小宝贝在狗妈吗？,1
594,嗯，什么。,1
600,当然有有点奇怪，哪里奇怪呀？,1
614,有没有的东西呢，不够冲走，那等一下完了吗，它讲的时候，它是不是可以代去拿呀？,1
618,应该是吧哎，你就可以想一想，怎么样让这个勾是变的更加合理一些，我们就要怎么样来写是不是啊。,1
621,胖浇水不热怎么辛苦？,1
625,好的好的你在这个画画画面不错啊画面不错但是在答题啊刚才在穿的衣服你看一下是冬天的衣服还是下边能约。,0
632,嗯，那看一下图片，然后画角的时候呢？谁呀？谁围绕多少度呢？,1
637,应该不会因为真净化掉就是用身体跑了，不是用水泡。,1
638,真挺怕甲的话那是内角还是在往斜里边放吗。,1
644,所以现在我们来说一说吧，那这是他什么时候呀，途中都要学会在哪里做什么呢，我们来找一找一找吧，你可以来想一想。,1
647,嗯途中要谁呀？什么啦和。,1
648,二B等于X嗯，它们是在。,0
651,哪里呀，,1
652,嗯在家里在客厅，他们呢，做什么是在。,1
656,这个小狗带怎么不能睡觉过来像是会打翻了。,1
662,我们现在来想一想啊，这幅图呢，写的是啥宝贝给妈妈给你讲的一件事情，那如果让你来写一两句话或者是一段话的话，你会怎么写呀？,1
681,它的分你不是女儿了啊。,0
683,那么那么年分奇偶分米了哈，那么你就按你讲了吗？EF的。,1
691,嗯，这个不是你这个它就是嗯提示我们小朋友呢，要动脑筋来想一想，怎么写跟它没有关系都。,1
715,这是一个小水滴还小宝贝呀。,1
726,它大不大，,1
728,很好，嗯，那再来说都有些什么呀？,1
736,柜子。,0
752,好啦，什么代表？,1
756,它会发生什么。,1
761,观察一下动作，你可以看着妈妈的动作是什么，它在做什么怎么样做的小宝贝表示周啊，什么怎么做，还要就是它们的表情是高中生呢？,1
766,你刚刚是呢，还是伤心还是难过还是生气呢，档。,1
773,这个是捉的吗？,1
778,哪个是桌子。,1
780,这个是捉是可以的话，这明明是沙发呀。,0
781,你可以画出来吗？因为我不知道你在选哪一个。,1
790,不是这张图片上的刚刚是为了让你来理解。,0
796,还记得我们它们是在客厅里那客厅里有什么呢？,1
810,睡不了，,0
816,嗯化这样好，那我们就先写一个花反向呢，收到花就可以说起它了。,0
820,那墙壁上呢，你看一下这张图片整个给你把感觉是什么呢？,1
841,嗯，是什么颜色的沙发呢？,1
847,你觉得他画了个啥？,1
849,是固定的，就不用看不见，他也不上装饰。,0
854,哦，你，你想啊，我们其实呢，重点上写事情也叫什么睡觉要写这件事情环境呢，咱们可以来的话，减小。,0
856,这是怎么回事干他？,1
858,嗯，只手拉手的话，你想说什么呀？,1
861,啊，我知道了，那就什么。,0
862,嗯，那可以吗？,1
873,我们又说了啊，刚刚你观察到的很细说墙壁上有画，然后呢，强的角墙角，这里还有漂亮的花灯摆放价。,0
881,你看看妈妈的当作是什么呢？,1
883,妈妈那一句是在哪里呢？,1
899,就是是跳舞凳子坐端正与。,0
900,首先，光背，当它问的是不是要这样的是起来，然后还要把一百吗？,1
906,对呀，所以它慢慢的甲是不是就是放大了。,1
908,题角弹力也是不是？,1
913,他像小板凳上面要去上人呀。,0
916,嗯，把做出来来啥板凳上华升多少转到懂了吗？,1
920,你做不好了之后，它是不是？喜。,1
925,你家没有问题了吧。,1
926,嗯，好的帮助我们说完了，接下来这样会慢慢的表情了，妈妈的表情，你看看。,0
928,是啥样子的。,1
930,就是你想怎么真好看。,0
932,哦，是的，你瞎出来，这考看这个说的很好像什么来着。,1
936,像什么，来着，,1
937,啊，你瞎起来真好看，想，我问你几个词，我们来看看这里吧，你等一下呢，如果在写的时候就可以把这几个词给它加进去。,1
941,嗯向花生一样好看，是不是？,1
944,妈妈下的像什么呢？相向那么下来，妈妈笑的像一朵啊。,1
947,跳起了吗。,1
949,嗯，那么下一讲啊。,0
955,把它填出来什么什么妈妈回大家了。,1
977,嗯，可以把这个景物的特点设出来是不是啊？,1
987,嗯语言也有了那么被虚假的话，要不要先去端水呢？,1
994,好的，那就是我的我去做的事情啊，然后呢，妈妈是怎么样的，望着我呢？,1
997,刚刚它的表情是什么样的？,1
1006,嗯，你刚刚是观察到它的表情了，现在还把他上的话也想到了，所以你就可以在后面再加上一句话，那么面带微笑的望着我。,0
1014,你刚刚说的那句话是什么来着？,1
1018,嗯，你把你笑什太乖了，给你。了吗，,1
1021,嗯你看一下升了太乖了，我看到你的手指头这样啊，我以为你要给它点赞的，所以老师给你点个赞。,0
1025,对氢了，我听了我来是不是？,1
1027,这也没什么问题。,0
1031,喝完，我会为什么。,1
1037,啊，为什么习题嗯？,1
1057,嗯，还给我比心给了我一个甜蜜傍晚你学没学。,0
1073,那现在哪里什么也看不到了，所以要自己说一说喽。,1
1080,要不要记。,1
1104,嗯，我们来单位想一下，如果要把刚刚的话呢，写的更加丰厚一些可以怎么写呢？,1
1112,嗯，那这来说一下啊，我们可以想到吗，刚刚说的这一个是小女孩，把心理上面我们想到他的心理了，那么动作呢？,1
1115,动作呢，刚刚有看到的话，可不可以来想象一些动作呢？,1
1132,好的，你就可以把它刚刚摆放的咱慢慢的动作说完之后呢，才教你的生成了什么呢？,1
1134,会不会比乘着来，他们找找这证出来，它的想法就比如是干什么，这是呀。,0
1139,比了个二是不是六嗯剪刀首吧。,1
1144,对呀，这不就是减到手吗？,1
1146,嗯宝贝的动作是怎样的，他们会说些什么想些什么呀？,1
1195,好了，那学到这里呀，你说的非常棒了。,0
1203,什么说，我表头。,0
1204,啊，把把它木头板嗯，那我们现在呢，重点判妈妈。,0
1207,妈妈在我给它写长的时候，它会用手干什么呀？,1
1211,对吧，那你的想法很棒了，哈。,0
1214,嗯然后你就要活了，还害羞的。,0
1216,怎么画过了一下你的想法带着根号呢，它会说。,1
1218,嗯换一下到这里了。,0
1220,嗯，没有其他小华比，你更关系，那你想想那么这个时候，他的心理呀，是什么呢？,1
1232,好吧，卫生间哪两个不好拿船，然后呢？,1
1233,哎要接水量在班过来再写甲的时候呢，会不会给妈妈原料甲呀。,1
1243,接下之前会不会用手上？,1
1244,赛音是水温呀。,0
1247,对吧，我们可以加减按摩是不是？,1
1248,那你就可以加上什么呢你可以加入我们在前面学我的。,1
1250,三的时候，小猪说，他们被怎么样呢？,1
1259,嗯，那那你就不想知道更难一点的明白了吗？,1
1263,所以把它是不是可以一样把这里呀？,1
1265,嗯老孟来露天的妈妈，她的角都有哪些？,1
1270,他准备与怎么啦？,1
1271,嗯发什么。,1
1273,啊，发各种吗，是不是啊？,1
1274,不是宝贝，你转化的什么样的角有点肿了，穿上高跟鞋，然后呢，上班劳动一天了，当然角会有点中呀。,1
1276,为什么要穿高跟鞋呀？,1
1292,难道凭什么能穿吗？,1
1297,没有啊，你干啥都干了好了，那把这里呢，我们烧完了。,0
1300,那小宝贝换说什么呢，他会跟妈妈说什么呀？,1
1319,是语文考了一百分吗？,1
1328,嗯，接下来，那再来想一想，加百位的心理，他会想什么呢？妈妈上了一天的班乙地。,1
1338,在天空，如果是一个宝宝小狗吧等会在班里飞呀。还是呼呼的。,0
1366,放到盆子里，那我是不是呀哎，我给妈妈二模。,1
1379,就是我们把这里也可以了，妈妈心里感觉很幸福，他高兴的跟我说或者他面带微笑的望着我说，你看一下。,0
1384,好的，那咱们今天呢，就把内容说到这里了，我们平时学习了什么呢，学习来看图写话内容中首先呢，是用一句话来说，图片的内容，然后再。,1
1401,你要把什么？,1
1403,它是什么？这道题这张图片吗？,1
1422,几个人呢。,1
1428,半径的神奇对吧嗯，还有呢？,1
1430,呃加呃叫啥呀？,1
1433,标啊，你就明白了吗？,1
1443,怎么求，,1
1469,这么加，我就是你真忘了是谁？,1
1471,什么像那个。,1
1483,你为什么就记得这个？,1
1519,那一天考这样的吗？,1
1520,哦，就是考的是不是写的哪个是谁写的。,1
1521,考考他的名字呢？,1
1529,那这里可能C这个确实有难度啊，像像我们刚刚讲的这个什么？,1
1540,他用式子吗？一路得都有个得字，对吧。,1
1545,哪一种。,1
1553,它说，这个时间确实是什么？,1
1555,是我对的是啥？,1
1559,是一场片区对吧，但是骗你啊，都是教会的这种欺骗。,0
1576,OK那么哎，对高于叫形态比值对于嗯前面有上一节课，我们也讲了一个卡路啥支路对吧就说哎在这个时候呢，完全它实际上就是B告诉你交钱够要更高一些完全来。,1
1581,好嘞，咱们就说回顾这些吧嗯然后今天的话对上节还讲了一个自然科学科学革命科学革命的怎么都讲了哪些什么啊，记得吗？,1
1588,你到你让我填空是吧，你这个跳地球的谁，他基米德是不是阿基米德，然后呢，有引力的是牛顿。,1
1596,启蒙运动嗯，这个怎么读来着乐什么？,1
1604,引来挺冷，是吧。,0
1607,那一组，我近视光明的意思对吧。,0
1612,呃，当时怎么形成的就把啊，把这个时间的抽的是说是一个黑暗的石石啊，要用理性的光芒的去算算黑人能不能不能弄啊，就是发生在十七还有十八世纪啊，宣扬迤逦。,1
1620,理解吗，它讲了个啥呀，咱们就说啊，这个当时我们。,1
1625,那么G惊人核心的九十分理性，注意那到底是什么里性能经常说一个一个词叫理性感性说你是一个里现在人还是你一个感性的人呢，人呢，他就是偏向于很冷静。,1
1635,它们是背的标准，是人的理性，另外呢，这个启蒙思想家也认为也相信相信不相信你的科学还有教育的进入下社会讲趣完美。,0
1638,这好像少了几个字啊。,1
1642,啊，就是题目运动的一个大概介绍它的概念以及它的积是什么力合啊，核心坚忍就是理性可以。,1
1643,所以，如果说咱们老师说什么什么时期啊，非常简单的运动理性注意怎么怎么样不讲究是气温运动，那为什么会产生起码运动的最根本的。,1
1654,它前面有三三得改改了。,0
1656,哎啊，这是他前面又是什么为负写。,1
1661,就是呃，就是呃。,0
1680,要壮大了是不是啊？,1
1714,应该还记得啊，就是说嗯，不是太弱，可是。,0
1716,构思构思呢，它的这个着作者事例V排比V排，你看过这个定理吗？,1
1718,这啥，,1
1750,有没有觉得。,1
1751,这十七啊你看它们的一个穿着包括这里怎么样的嘶揪还有后面的福尔泰还有这个。,1
1754,这种类似原理很什么什么呢啊，我一直看一种。,1
1766,嗯然后讲的这个，我想的说，那个高跟鞋高跟鞋了，用来你记得吗？,1
1779,它什么。,1
1793,你看是不是不是啊，这个西方的三前面谁？,1
1797,再把它解释就叫什么看一下D呢。,1
1807,代表嘛，对不对啊，会对着它也没有乘以B。,1
1817,它怎么来去解释它怎么去审判都说他说了算了对吧这样的话就可以用这种压迫的力量有这种猜想一成立的所以它在这个它的着做就是漏答的精神啊在这里面就宣扬强调。,1
1832,零是。,0
1842,终身中，你记了吗？它前面有几个扣子啊。,1
1844,有有五克扣子对吧五天英语。,0
1853,更好的想一想出来，更好的正对吧。,0
1880,就是什么大于八？,1
1891,嗯，你说什么？,1
1894,很很累了，是不是课课件能了啊，受到这个通知解集的压迫，那么在这里呢，它可以做出来着一个瓶子啊，说明它对中国的这个历史啊，政治体制吧，还是不是特别了解？,1
1939,对不对，所以不是啊。,1
1965,啊，德国的那有坑得给我看的看得呢，它是形容词大臣整。,0
2014,啊，刚刚还在想，你不会是忘了来讲，唉听平原的了啊，记住。,1
2063,嗯，我有闪退了。,0
2065,进来了，这个闪退又选自。,0
2070,它是怕你啊，他可能觉得你那没动啊。,0
2073,好了是吗？,1
2081,老师可以认为你真的你偷偷的题，你觉得是什么孩子？,1
2084,懂吗。,1
2087,那个啥的？你哪里N点，我们看一下你那个你一个什么完了啊。,1
2094,我都不知道是哪来的了，出现了多少好久了哼哼哼。,1
2127,怎么运动的就离心率，但实际上呢，李欣着他就是让为主。,1
2141,请问运动，它更多的是偏向于正正。,1
2170,三米游侠一点钟一点不是。,0
2186,年代到什么又，但是眼就会一直煮。,1
2191,说错了吧，我吧呃可以都忘了。,1
2205,那为什么是在三十一号？,1
2210,我就为圆心的开始还是。,0
2211,但是我看那个图，我也觉得有点不行，就是这样的一个图吗？怎么感觉没有一个概个什么争嗯还什么的嗯，但是后面啊，人家都在转发上。,0
2224,好，然后要不咱看一下刚刚咱们拿起运动讲。,1
2237,嗯，很烦的时候，你会怎么来调解是有情绪的什么呢？他说，读书。,1
2243,嗯，热爱学习的好还。,0
2245,那就不要你数学是干嘛，那你反着什么？,1
2261,看一遍的人啊，哎什么什么呢啊，就会让。,1
2262,有时候也会持续燃烧的。,0
2281,有点情绪有点做，有点多遍了吗？,1
2305,可以以后呢。,1
2309,A它是有点有点中它就是想通过这样的一个。,0
2324,这是第第一次中起什么？,1
2325,不想写成到了呵呵慰藉经常不小心碰到只手。,0
2342,他一直在不断的去提升对吧啊不会说去做了所以这个A的话。,1
2357,这个题看一下能理解了吗？,1
2359,下一个了这个你自己来做吧嗯，你那边有是不是有正确答案出来。,1
2366,我这段是完全出来了啊，我以为你。,0
2382,嗯做题过程，这都是不是？,1
2384,嗯，加起来你说的啊。,0
2394,好像是对的，对的，对吗？不上课呵呵没事来的。,1
2416,理性注意应该是什么？,1
2418,运动的核心对吧嗯，刚讲了啊。,0
2427,那像不是同步的。,0
2433,一把这里就是的不是有的吧。,0
2445,选BMB是B是对的啊，突显那个理性的价值。,0
2453,那么离心率等等，它讲的是这个里见一个根完的做的啊，不是说反应看第七题的核心是浪漫主义的话，它不是浪漫主义，那要注意它是在。,0
2471,嗯，好像也没有调的呀。,0
2497,你直接说是哪个呀你说是A还是B。,1
2503,你确定一下，我刚说，要说，对还是错的，你又改。,1
2511,A到A吗。,1
2521,都说的概念啊，好嘞。,0
2526,行吗，能不能要不要休息一下。,1
2535,什么是没有讲那个题刚呀，我想一想。,1
2542,肯定有提到哪个？,1
2559,哎就是A我问一下你的呃。,1
2562,咱们讲了吗？,1
2567,讲了没。,1
2577,下一周的什么？,1
2674,好像还没出来。再加改呢。,0
2678,你一边这个课件出来了吗？,1
2682,我错了呢。,0
2695,现在出来了啊。,0
2706,等一下吗。,1
2709,懂了吗？你，你看一下我怎么办呀？,1
2716,如果我说，那没讲吗？,1
2742,它是一个革命对吧，那么革命爆发的背景是什么？然后呢，主要镜头有哪些啊，它就是隔水的密度，对吧，然后第二个资本主义制度的建立资本主义这个我们说，现在我们是社会主义制度，对吧，那到底四分之九。,1
2783,但风景是什么呀？,1
2812,一种呢是，,0
2842,怎么参加会议啊等等都求总数。,1
2853,没错的安排意思。,0
2871,那怎么样以及最后是鹿和都是人工合成。,1
2882,这个是能想起来哪些呀？,1
2885,这个，咱们这一页课件上面后面。,0
2888,想不起来上啊。,1
2890,这是什么差呀？,1
2895,哎，不是你那边没有出来呢，那边去没有求不出来吗？,1
2897,所以你这是多少啊？,1
2899,嗯，想想显示还不一样吗？,1
2900,那什么桥。,1
2903,我一直以为你能够看到全部呢？,1
2905,这是个啥的？,1
2916,啊，对的嗯，我以为就显示不是一半跳一跳。,0
2930,光会中间就一般过去了，哈。,0
2943,把这轮都是强了。,0
2954,真不是啊，还有后面的什么为零。,1
2985,在这里了辛苦了。,0
2990,身体运动的吗？,1
2994,哎，你确定。,1
3000,羊吃人为什么？,1
3035,建立忘选只是说那个时候只是线什么光的折射。,1
3037,会不会有权利说清楚这样的否定句。,1
3055,它仪式呢，又比它的第二个没有说考到哪去也实心降低专注同志。,1
3063,还有很多个哎有什么英格兰导啊。,1
3069,嗯，是开方一个什么的。,1
3101,一个是V零应该是哪里？,1
3118,等于什么，,1
3137,被推上单独拍啊，你那个有一个图，你就说这个在一个孩子上啊，然后在这个行星还上。,0
3138,这个呃，这个，这叫什么？,1
3157,克隆么样。,1
3163,都能起来之后呢，这个。,1
3176,水流六厘米啊。,0
3200,不着呢啊，怎么能当？,1
3210,还是直角，它就是一个相当于国王呢？,1
3220,比较光路图，,0
3240,现在是不是乘以。,1
3255,啥意思知道，,1
3259,第五的见的光什么？,1
3265,这个第四条说的啥内容？,1
3267,嗯，对的实际上就是限制的光的。,0
3275,这个它什么去？,1
3296,是不是权利，,1
3302,这个就是怎么。,1
3304,嗯，不是就会显得你有什么东西。,1
3316,三什么上课相乘？,1
3351,很好，那么这样的这样一个面有怎样的？,1
3360,嗯不氩氪忘。,0
3400,好再看这个面的咱们就讲到这。,0
3403,中国呢，金属直线的距离呢？,1
3411,哪个力，,1
3418,嗯，像这样去讲，因为你这个答案是这样写的。,0
3422,啊，这节课呀。,0
3441,长大吧，但是没有说。,0
3451,我们对这个物块啊，再看一下一会呢？,1
3467,就是那个什么呢，偷偷。,1
3481,就是用过的女王对吧亡是乘以。,0
3492,首先，它有什么权利呢，它是正不熟呢，还形式形正。,1
3505,相等的那个呢，它是对你会是负。,1
3512,每次要注意什么大学会这。,1
3525,刚都讲英语是不是又不会讲。,1
3550,刚刚说，嗯，这里一会。,0
3557,你会有两个点呢，它就成为了G再乘以比较。,0
3565,他讲的有点像克隆。,0
3569,经过倍延啊那个。,0
3573,但是呢零对不对它的支持力是非常高。,1
3577,贪阵特B缺什么呀，他也没确认啊。,1
3588,你看一些什么？,1
3595,有点开心是咋回事？,1
3602,能理解人对吧。,0
3604,行咱们今天呢，叫做。,0
3607,嗯，你看你还有啥问题没？,1
3632,是不是你怎么知道它看见了。,1
3636,你不知道了，我现在就是老师告诉你了，上飞到你还记得吧。,1
3640,你要看不见过怎么写的？,1
3645,导数什么，,1
3646,啊没有那么厉害啊。,0
3653,哦哦，那个我记得那个啊，那个是没有提交没有没有显示出来是吧。,1
3654,有没有病吧。,1
3669,坐在哪里了。,1
3672,错在哪里呢？,1
3675,哎，对计算的还是错了啊。,0
3692,如果你能。做对了咱们就不刷题了是不是哎作业量就可以慢慢减少了是不是呃这个的话小于计算都没有错老师提醒一下就是这个回答的时候在这儿写的是余数加上余数。,1
3704,嗯，这个怎么了？,1
3708,还有妈妈说道，妈妈说道，而又真的吗，我昨天说的都快妈妈。,1
3709,还记得吗。,1
3711,妈妈说的吗？,1
3727,哎，对对不对，还记得这个年轮吗？,1
3730,对这个是年论为什么会有长的密的地方为什么会有长的宽宽的地方？,1
3734,不不不就是这一圈就表示它过了一年，但是它在这边为什么都是一年为什么这边长的宽这边长的幂呢？,1
3738,不知道，因为这边转的快太阳晒的做这边转的信任，不然下的手。,0
3740,对那那你那对呀，那小雨告诉老师太阳在什么方向的时候，它晒的比较多呀。,1
3746,太阳在什么方向？我们晒的最多呢，我们太阳是中午的时候在什么什么地方呀？,1
3750,对呀，那你说是中午的太阳动力还是早上的太阳的厉害呀。,1
3758,为为什么我我仔细一看着呢？,1
3760,看的好像是好像这边是多细的是不是这边根系这边是北这个有问题吗小月？,1
3775,根据从外边去量这个大树，它有多出来推测它有几穗，但是真正的它到底几岁了，这个年轮是最肯定的一个答案，就我们可以通过别的方法去推断他。,1
3789,哎，这边宽宽的，然后这边秘密的好不好，然后呢，再秘密的这边写个北在宽宽的这边写个难。,1
3793,这样，我们下回看到这个图，就知道了这个这个什么这个年轮的它表示的是什么了，这个密的这一边啊，然后我们可以。,1
3811,我要说，这是什么字，就是什么，这是什么字呀？,1
3821,你这个能算出来吗，你那是不是都一样幂啊，宝贝。,1
3826,可是你那样，你那样，你能分出来吗？,1
3832,啊呃七年是吗？,1
3833,今天是怎么了？噼哩哔哩哔哩哒岁。,1
3841,哎，这边的宽。,0
3846,它现在是不是就一岁呀，但是你要这边离的稍微近一点，这边梨的稍微远一点，我们我们小雨要让他自己能够分清楚。,1
3848,哪边是哪哪边是北好不好。,1
3850,一般树木，他不会像我们人一样动，它就种在哪里了，看，所以它不会转它不会转的话，就会导致一边只能晒太阳，另外一边晒的太阳永远都很少。,1
3855,它种下去之后，那边就朝南那边就抄呗，它是不会动的了。,1
3868,哎，这边说，这次画的稍微好一点了啊好了好，那我们现在记住了啊，我们现在记住了，那我们其实小于有一个特别好的方法，就是你先记住这个密就行了，因为这个数字对你来说，稍微有一点点难。,1
3876,但是，如果你知道幂的这一边指向的是北面，那么它相对的另外一面肯定就是南面对不对。,1
3879,哎，对所以我们既幂的这一面就可以了啊小玉这边可以了吗？,1
3889,面向北极星跟老师说，北极星一直都在哪哪边挂着呀。,1
3911,好了好了啊，这个这个方向的话，我们小于会填了吗？,1
3926,这不能画下来吗？,1
3942,变异喝点旁边有什么喝点水啊？,1
3944,不不不不是是第二个，我们小玉第一个做对了。,0
3952,嗯在哪。,1
3956,嗯老师是这样说的吗？,1
3972,好，那我们来看一下吧，电影院在少年宫的什么方向呀？,1
3974,看不懂了是吗？来老师画吧老师来画啊，那现在我们再说一遍啊，因为它问的是。,1
3983,画好了对不对？,1
3996,在东河南中间，所以是什么方向呢？,1
4003,我们小雨会化了吗？,1
4005,哎，就是得志前的前边是谁？,1
4015,是在谁的？,1
4019,它就是我们观察物体的一个角度为哪个位置的问题。,1
4025,休息一下好了吗。,1
4026,你离的稍微远一点点啊，要不然那个眼睛对好的。,0
4029,其实是可以离远了看离原来写的对不对。,1
4037,写好了吗，,1
4057,你是把题抄下来了吗？,1
4063,这样转过头了。,0
4070,我看到了啊，你现在画那个数呢，我们下课了，再画好不好。,1
4088,为什么不见不出来了，我怎么写不出来了呢？,1
4094,这不是写出来了，好的，那你说。,1
4101,它在上面还是下面呀。,1
4105,在什么面呀？,1
4109,看不懂是吗。,1
4113,上面还是下面。,1
4123,哎，对会画了吗？,1
4125,嗯那湖先导在电影院的什么方向那你要在谁身上说话呀。,1
4131,那你来看一下弧先导是在电影院的左边还是零右边呀。,1
4134,做做什么上北下南左？,1
4138,对所以是在斜面好了，我们小雨会做这样的题目了吗？,1
4141,会做了吗？,1
4142,老师来考考你好不好，学校在图书馆的什么方向呀？,1
4153,是头上完了。,0
4158,要在谁身上说话呀？,1
4165,那这下一会，你自己来想一下好不好笑小加。,1
4175,在在在上下加上化什么？,1
4183,啊，怎么了。,1
4187,这这个题，我们小雨是不是写错了？,1
4198,减去七点三十那这个九点不太够的话要怎么办？,1
4202,算一点三十四写错了吗？昨天他写的是我在旁边看一点啊。,1
4204,哦哦哦哦，做对了是吧。,0
4206,哦哦，我，我以为他是他是又忘了，就是计算错了呢，嗯好的。,1
4215,A不是什。么了。,1
4220,我没有选项是什么？,1
4222,哦，我说呢，被挡住了是吗？,1
4235,是不是在西南方向呀，这是小明家对不对？,1
4245,你一会儿再画好不好。,1
4249,啊，挺好，挺好啊，但是我们下课的话好不好来看一下啊，那个小学校在小明家的西南方向这个是学校。,1
4257,它是不是要从学校往回家走啊？,1
4263,这个可以吗小月。,1
4269,哎，我们看一下学校在小雨加的什么方向好吗？,1
4277,然后我们小雨要回家的话，你要找什么方向走？,1
4281,哎，那我们要怎么办呢？,1
4283,我们要这么走，对不对？,1
4285,是什么方向呢，这个词怎么说呢？,1
4315,那相遇来看看你自己现在在找什么方向走呀。,1
4318,你在找什么方向走呢？,1
4320,你在朝西北走吗？哎，你在朝东南走向。,1
4328,这个是完完全全填反了。,0
4334,这个是你自己做的还是慢慢陪你做的。,1
4341,还记得吗。,1
4350,左边还是右边呢？,1
4353,左边呀，右边呀，右边对的是什么方向呀？,1
4358,对所以是在东面会做了吗小圆。,1
4368,哎，不要在前面是谁呀？,1
4372,但这前面教学楼的什么面试画图？,1
4379,你要抄什么方向走，才能看的话过呀，朝北走对吧。,1
4380,哎，这个我们小雨做对了啊，然后在朝哪边走，才能到体育馆呢？,1
4406,哎，稍微今天可以吗？,1
4408,乘以零点还好吗？,1
4409,好，我们就可以得了，这是什么？,1
4413,这个是一个地儿的旅游图，看到了吗？,1
4416,哎，上面有很多东西是不是啊？,1
4423,还有一个什么呀？,1
4442,哎，找到了啊，那现在老师想知道的是，我如果现在。,1
4450,是谁跟谁加起来的呢，你看看。,1
4459,那你看看全商业街是被谁和谁加着呢？,1
4462,这个给虚伪呀。,0
4472,我们小于在忙，为什么呀？,1
4477,来，你来找一下还是多长。,1
4479,哎，你那个是不是？,1
4481,我们先把那个先放一下好不好，然后我们现在上课了之后再玩好吗？,1
4488,那你要什么？,1
4490,啊，那你说R通常在清水和的什么方向呀？,1
4500,哎，西南方向啊，那这个观景台，我们小尾自己来试一下好吗？这几来试一下。,1
4505,呃不知道，了。,0
4507,这个不知道了。,0
4510,这个需要在谁身上画那个十岁呀。,1
4520,哎，听水和清水和观景台在这里看到了吗？,1
4523,关键，它在这里，那你看观景台小猪什么好很可爱啊。,1
4527,好了，你把它放到旁边，然后跟老师一起看一下观景台在什么和什么中间呀。,1
4533,对在什么和什么着急？,1
4538,不是这个D这个题还没有说完。,1
4555,来，古塔在正午中心的什么方向，那我不要对没错了啊，现在记得很好。,1
4558,这是什么呀。,1
4568,对都是北发一下东北方向啊，现在找的很厉害啊，老师那个还没有到十五秒，所以一会儿给你啊。,1
4574,再延长的什么方向哎。,1
4576,哎，你是在那个点零点的点明点假吗？点点点加就是它。,1
4577,五岁怎么啦。,1
4581,那我们来看一下R通成长什么样子好吧。,1
4583,你去管都不成吗？,1
4584,没去过，我是那里去过在哪里。,1
4587,在哪里啊。,1
4593,这是哪儿呀，身体叫。,1
4594,啊，你没有你没有做功滑梯吗，你做过滑梯吗？折过滑梯做功不满吗？,1
4598,啊，对呀秋天，你玩过吗？,1
4600,我当然，我和心什么吗？还有还有沸点要我还有还有还有。,1
4602,我我那天摸天轮做过吗？,1
4614,做到旋转木马我要找什么方向走呀。,1
4615,什么都没有图片。,1
4619,然后我要去木马这儿我要找什么方向走呀。,1
4622,嗯我要做滑梯呢？,1
4631,这个图不是做的，特别标准啊，看到了是不是啊？,1
4645,拆米有写好不好。,1
4647,我不知道了就比有什么想我怎么列谢谢。,1
4662,哎，那所以在这里和哎对对对很好很好啊，你猜对了题啊，猜对了，就是在这里东北方向在这里写学校老师帮你写好不好，你的字太大了。,1
4671,嗯小玉了小雨老师能不能把那个小猪。,1
4676,这是补一这里是厘米，这里是诶。,0
4677,是这里吗。,1
4689,哎西南方向所以是超市会找了吗小月。,1
4692,会了啊，那现在我们会化平面图了吧，一会，你能不能把家里边周围你的学校呀，你住在哪里呀，附近有没有尝试呀，我们也来画个平面图好吗？,1
4708,那我们这个我们小雨会填了吗？,1
4709,会甜了。,0
4712,我们画一个好吗？,1
4716,哎，在这个格子里面好吗？,1
4720,我对不对？,1
4722,来小玉，你们家在哪里呀？,1
4724,你要决定在哪里呀？,1
4727,好大是吗？那这里是？,1
4729,怎么了太小了吗？,1
4736,小雨加在哪里？,1
4738,小雨然画正中间可以吗小雨加化正中间吧。,1
4740,唉，小玉加在这里是吗？,1
4754,那这是难吗？角与就是难吗？,1
4762,嗯，为什么，,1
4766,啊，没有，这是地图没关系啊，整个你说整个都是你家老师都没有没有问题啊，那么小于家特别大，我知道啊，小雨家的南面是什么？,1
4773,啊，东边有一条路去哪里呀？,1
4777,哦哦哦东边有一条路，这边是去物流公司的是吧。,1
4782,这是东面是不是啊？,1
4785,好小于加那个西面是什么？,1
4789,哦，这边有一个超市什么？哎这边有一个超市北面有什么呀，小于想一下北面有什么嗯？,1
4793,对面你我说我的店里可以吗。,1
4798,啊，这边有一条大路是吗？,1
4802,哦那这条大大的路在小雨加的什么？,1
4805,我可以说，我的店里吗，这里没有东西，你这里不是无聊，这里是卖轮胎的。,1
4808,啊，这里是卖轮胎的。,0
4816,跑一遍吗，随便嘛，随便。,1
4818,嗯，下课了啊。,0
4819,单下课了之后的话，哎下课了之后，画好不好。,1
4822,对我们可以先晚一会好吗？,1
4832,你这个怎么会完过了？,1
4834,我先找的好不好啊。,1
4848,你知道骆驼为什么背上有两个估估的东西吗？,1
4855,负的路走啊，走走。啊，我要就要画到这个肯定转过了。,0
4859,这个找过了什么？,1
4868,你知道画的这个是一个什么动物吗？,1
4870,为什么看到那那个什么风带呢，还要问过往那边走。,1
4881,怎么了，,1
4888,什么你可以的？,1
4896,再继续玩好吗？,1
4899,或者是你啊，你说什么？,1
4901,鼻子滑梯，,0
4904,你现在呢。,1
4937,投搁着在哪里呢？,1
4939,在住在哪？,1
4941,竟然角，这里是狗。,0
4942,哦西南住在哪呢？,1
4948,什么都会多一点。,0
4959,哎对对对对对不对，都南方一下啊，做的很好，小于也做一个这样的好不好，然后跟老师说一下好吗？,1
4964,你会画了吗？,1
4977,它的什么方向对不对？,1
4978,像远的很呢？,1
4980,圆的很难是吗？,1
4993,是不是很辛苦呀？,1
4996,不是每天上学路上每天上学的路上就一个小时啊，你听错了宝贝。,1
4998,为什么不行上车送糖的吗？,1
4999,他们家里你那边是山路没办法呀。,0
5001,滑板山路，你见过吗，是这样的。,1
5003,它怎么画怎么画？,1
5005,你说怎么画？,1
5029,好证南面是兰花天哪里有兰花？,1
5043,没有玩骑呀哦正哎那我们来看一下啊它说正南面是兰花听正南面在哪里？,1
5049,现在小猪在你的什么面？,1
5053,不是在你的前面吗？,1
5057,是在你的右手边还是左手边呀东面是右手边还是左手边。,1
5064,哎，所以是在你的右手边吗？,1
5074,是不是。,1
5090,怎么啦，然后只有。,1
5091,是不是这样呢，,1
5095,来，你看啊，正南面是什么？,1
5098,对证南面是兰花烃所以兰花拼在哪里呀？,1
5100,哪个是正南面呀小于。,1
5108,你听过什么叫兰花指吗？,1
5109,兰花指专门化拼有什么区别？,1
5111,有切点了。,0
5123,休息一天的西南面是牡丹听哪个是牡丹听吗。,1
5127,哪个上北下南。,1
5135,对是难在这里，所以老师要在这儿写什么呢？,1
5158,你今天过百荷花吗？,1
5160,我什么滑动的我？,1
5164,你想看看百荷花长什么样吗？,1
5171,啊，你你没有见过没桂花吗？,1
5174,没看过跟没看过这俩来来来，这是什么花？,1
5183,为什么就喜欢迟到了？,1
5199,看到，小牛了吗？,1
5216,直线走，我会拐个弯没了。,0
5219,对要像子怎么说呢，你要跟别人这么说，老师给你举个例子啊，要先向北走走到森林公园。,1
5228,先向北走走到森林公园在向东走走到熊猫家，我们小雨学会了吗？,1
5237,呃轮胎加修轮胎要怎么走呀，你不能跟人家说，你身上。,1
5243,你不能跟人家说，那么轴那么走，就到了对吧。,1
5255,你得跟人家说，你要朝东走，你要长对呀，你要朝东走二。,1
5257,这里没有吵啊。,1
5269,啊，对就没收了它就不让你上课完了，好吧。,1
5274,那你那你好好听课好不好。,1
5280,我们这个小牛象征着什么方向走能到小猪加呢？,1
5284,都哎，它朝东走走到小注加在下。,0
5287,它怎么走才能得到什么加呢，朝上走了上是什么？,1
5289,用陪下难过上边。,0
5293,会做会说了吗？小于？,1
5298,行吗，想要去找小杨，它要怎么？,1
5299,你来给他几条路好吗？,1
5302,来，把它指一条吧，好不好。,1
5306,嗯，你，你要不要把手里的小舟放一下。,1
5307,可我放下来，它就很个性的吗？,1
5308,老老师老师，你刚才是不是说老师很显然，我都能看到你在干嘛是不是？,1
5310,对明明没有在镜头前为什么我都能看到呢，因为我在你就是因为我对我能看到很多的东西。,1
5312,什么啊，,1
5316,哪个妈妈现在就是正在来的路上啊，一会儿就过来了。,1
5318,你信不信，,1
5322,行吗，加要去小杨家要怎么走呢？,1
5327,要怎么走。,1
5328,对对这样子走，但是这样子是在着什么方向走，这样子又是在找什么方向走。,1
5329,嗯，不知道。,0
5331,这边是着什么方向走呀上北下南。,1
5335,东哎那你现在朝这个方向总是着什么方向走呢。,1
5338,这边叫什么呀？,1
5347,今天怎么回事啊。,1
5350,今天怎么回事呀。,1
5359,怎么回事儿呀，宝贝。,1
5362,嗯，他长什么方向走了小雨。,1
5363,它长的对吧。,1
5364,朝左边还是常右边呀。,1
5366,你不说，这边倒边你这样。,1
5371,哎扎心又朝南走啊，先潮汐走在朝南走，大概就是这样的一个描述的路线，你不能以后学了方向跟位置了，你都不能别人问你落小雨要我要去哪了呢，那你，你都不能给人家把我指出来。,1
5376,我都不知道我都不知道他说的地方是哪里，我要回。,1
5379,嗯，对呀，那所以我们肯定得慢慢学对不对来，我们来完根跳格子好吧，你来当谁呀，你想。,1
5383,我才不想装啊，怎么的？,1
5385,啊，跳房子你玩过吗？跟那个很像。,1
5388,看美羊羊要从哪边跳呀？,1
5390,要说这么漂亮，再从那边脚用蹬什么样子？,1
5393,现在我们洋洋在这里对不对。,1
5437,你先说老师长得丑是吗？,1
5440,对呀，你不是让我当说洋洋吗？,1
5442,对洋洋的图片走呢？,1
5444,我天漂了啊天跳为竟挑两个格子这是两个格子对不对小月。,1
5453,它，它就再跳一个，他就他两个格子就在第二个格子待着啊，这是一下量一下，这是第二个格子哎对所以，这就是向北跳了两个格子好吗？,1
5456,会了吗，,1
5458,和然后再向都能跳两块不能走，还飘到哪了。,1
5464,那老师是要在上东南跳，你是要调向什么方向。,1
5469,你，你没有啊，你已经上北跳了，你该向西南跳了对不对？,1
5470,依然在哪里在这里以后？,1
5478,我怎么不是在那我吃饭？,1
5480,你就跳到这里了，你就跳跳一个格子就跳一下就过去了，跳一个格子就是从这儿跳一个格子快跳了吗？,1
5486,哎然后这个是向东南挑两个格子那我会怎么办呢？,1
5492,一二停呃，就在这里。,0
5494,对对会跳了吗？,1
5499,来小宇老师挑的老师老师从这儿开始看好吗？,1
5501,小雨从这儿开始跳好吗？,1
5504,你随便看咱俩谁是最先到中间好吗？,1
5507,对对对到中间啊。,0
5509,是吗，但是前提条件是，,1
5520,哎，你要插叙挑几个格子。,1
5536,小写要挑两个格子是不是我选票，我到了呀嗯。,1
5585,上个厕所这么慢呢？,1
5587,得到了一个什么呢，,1
5598,你不是上厕所歇了对不对。,1
5621,得学会产打了是吗？,1
5623,你要去找一下它们相对的画一下啊，要去找一下它们相对的方向位置与方向的话。,1
5630,啊，怎么了。,1
5654,分针走一圈分针走一大圈是多少呢？,1
5660,谁走一圈是六什么样呢？,1
5669,哎，这是我们的钟表对不对。,1
5679,它从十二走到一，这是一分钟对不对。,1
5681,这是从从十二走到，一是是一个五分钟对不对。,1
5690,啊，这个题，我们小雨哈哎对是是一定要记得是哎，这是到底选哪个呢？,1
5693,还能选哪个呀？哎对呀，不能选两个啊，这个是谁走一圈呢？,1
5696,这个是秒针走一圈哎，是六十秒，那么分针这个分针走五分钟，那么这个是我们的秒针走五圈。,1
5708,觉得稍微有一点点有困难的地方，对不对？,1
5711,现在会做了吗，我们来试试啊。,1
5722,星期几，,1
5729,哎，我们小于列了一个算式啊，是三十除以七等于四余二余数是二。,1
5736,周期里的第几个呢？,1
5744,星期日了，,0
5753,哎，好那么一号是星期一对吗？,1
5762,来小玉你来看一下这一个周期用掉了几天呢？,1
5776,余数是几就是周期里的第几个。,1
5779,第二个，所以应该是星期几呢？,1
5784,星期二余数是几就是周期里的第几个可以吗小月。,1
5791,你看是不是剩下了两天，我们又要从一二三四这样开始数呀。,1
5795,对对对对等一下啊等一下，所以我们现在是不是就可以知道了我们现在是不是就可以知道二十九号是对应的周星期一三十号对应的是先减二可以吗？,1
5811,那么这个要怎么办呢？,1
5813,这个要怎么办呢？,1
5816,挖个洞跟拖了，我是也吃一顿号开学了，气死我了。,0
5819,哦，要开学了呀。,0
5823,可以真的小朋友了，是不是？,1
5825,这有什么讨厌的呀，所以说。,1
5834,我们要怎么办呢？,1
5837,小雨要怎么办啊？,1
5840,就是我们周期是什么呢？,1
5852,星期几啊，你写的是这是。,1
5854,不知道呀，你列的算式现在没有问题了，但是老师想告诉你，这个周期怎么找我们的周期它山月一号是星期几啊。,1
5881,小雨能听懂吗？,1
5886,哎，就是周期里的第几天？,1
5911,你看一下，就行了是吗？,1
5916,哎，就是周期里的第几个对不对，对不对。,1
5918,那第几个这个周期里的第一个是谁呀？,1
5927,来，我们小于自己来练习一下好吗？,1
5942,这是我们的周期啊了呢？,1
5943,好的那比二十天是星期几呢，你来找找。,1
5949,应该用二十怎么办？,1
5956,早上，他的谜语好不好，你肯定才不出来。,1
5963,那么五月二十号是星期几呢，我们是不是得先知道。,1
5969,余数是二呀。,0
5974,哦，写错了是吗？,1
5976,那应该伤几呀，没有骗着的呀。,1
5984,哎生知二你我们小雨会做这样的题了吗。,1
5987,一定是一定是周期里的第几个才可以啊，一定是周期里的第几个。,1
5989,天天能说，又能吃又能喝今天睡觉还吃还喝。,0
6000,你啊，你说小猪吗，对不对？,1
6002,嗯，它是什么？,1
6024,那我们不带蒙答案的啊，我们不能蒙答案啊。,1
6037,对吧，这是我们的周期，对吗？,1
6042,有余数的话，余数是几就是周期里的第几个，对吗？,1
6044,那现在有余数没有余数呢，是周期里的。,1
6048,哎，不是一号到二十八号了二十四好了，那所以我们这个得先看一下二十四号二十八号一共有多少天，那么就得用二十八减去四加上一。,1
6054,这个要怎么做呢，就是二十五天。,1
6062,对它是二号的话是第几天？,1
6064,你说说什么？,1
6073,是声音小还是怎么了？,1
6081,一点点声音呀。,0
6113,做做完这个给你猜个谜语好吗，做完这个陪你猜个谜语。,1
6124,就是一月一号是星期六一月二十二好谁星期几。,1
6125,干嘛啦，,1
6126,哦，我为什么。,1
6131,一月一号是星期六二十二号是星期几。,1
6138,等一下等一下二十二减一加一还等于二十二不是等于二十一。,1
6150,余数是几就是周期里的地。,1
6156,不是不是二吗，不是二吗？,1
6158,这不是二十二了。,1
6159,啊二十二除以七不是余数是一吗？,1
6167,余数是几就是周期里的。,1
6170,第几个，所以应该是第几个呀。,1
6175,余数是几是不是就是周期里的第几个呀，消元。,1
6188,等于什么，,1
6193,还有一个什么呀？,1
6195,我们的小宇在哪里呀？,1
6197,一加一等于填什么？加。,1
6198,你看一加一等于前。,1
6202,啊，一加一还等于二呢？,1
6208,哦，还等于口是吗？,1
6211,嗯，我们啦哇，你猜谜语吧，你猜你说话听见了。,0
6213,呃，那这个给你留做作业题了好吗？,1
6224,嗯，知道了吗，开始你开始说题目吧。,1
6229,拆跟什么谜语呢？,1
6247,为什么知道派遣做呀？,1
6256,你爱吃吗？嗯？,1
6263,那肯定是鸡蛋，他呢？,1
6264,嗯，你在看哪了。,1
6289,透明的东西。,0
6293,那个叫什么来着海哲？,1
6305,嗯，是吗？嗯。,1
6312,看到，这篇了，你太厉害了，因为那个我们小雨下一节课呢，是周日啊呃周日的时候给你上完课之后，老师要马上去给别的小朋友上课就不能像今天这样，我给你聊天了。,1
6335,要给大工作大姐姐上课吗？,1
6337,嗯，没有那个也是二年级的小朋友啊，这二年级的今天这个也是二年级的。,1
6355,嗯，看你今天的表现呗。,0
6361,加油啊，不会二十的加油拜拜。,0
6366,你回了吗？我瞅瞅。,1
6368,啊，我错了，我看错了，我看错了，我看错了啊，我明明说的是八点半，但是我八点钟已经开始呼唤着呢，是不是啊？,1
6372,OK啊，OK好啊，然后的话呢，你们现在有记上到哪里了。,1
6376,啊，上面这么多了。,0
6381,你们有说啥时候可以学吗？,1
6405,不我已经有一年嘛，今年两年没有和重要了。,1
6410,那你那你暑假为什么要吃重要呢？,1
6412,你身体怎么了？,1
6417,这人小毛病怎么这么多呢？嗯。,1
6421,边长为多少。,1
6425,什么什么原因。,1
6431,还好吧，我也不知道啊，我就那往后，我也没有胃口纸板，如果我真的次怎么消化消化的东西很慢，他妈吗？,1
6432,你是不是平时不怎么呃感觉到是吗？,1
6435,嗯OK啊，你现在来看一下这个题好把它换诶。,1
6453,也不是同分异构体的事，对吧OK啊。,1
6455,然后你来看一下我们这里的A答案应该是什么？,1
6458,我们的A答案的话呢我们的乙烯和二甲基棒诶二甲基丙烯它们两个应该属于什么？,1
6462,对我们的分子式是不是属于同系物对吧A错了然后的话呢它们两个我们是你现在看一下啊我们这里的话呢乙烯和环己烷我们既不属于同系物也不属于同分异构体对吧？,1
6465,然后的话呢，我们的C答案错在什么地方了？,1
6479,那怎么把你发现了？,1
6481,呵，怎么了哦，好那为什么说啊，这一幅加大吗啊，我当时自己瞅瞅王板重造了吗好我也不知道我想说的话，你点结果就买了。,1
6482,喂能听到吗？,1
6486,中吗？知道吗？它俩有意思吧，要花了，然后现在我传个袖子知道的，所以这里，然后它的衣服知道了我的大腿。,1
6515,我们是一圈对吧，OK啊，好点赞了啊，然后的话呢，跟物质可以形成一种导电塑料啊，然后我们的结构简式应该怎么样？,1
6523,我们应该是加剧对吧OK啊，那么我们发生加聚反应之后的产物，你能不能写下来？,1
6525,你在淘宝上买的吗？,1
6531,哎，我不知道是为什么是因为我太胖了吗？,1
6535,哎，仇人啊，我是不是不是属于另一种情况呀，就看着不怎么胖，但是其实是比较有肉杆的那种。,1
6541,没有啊，我觉得你瘦瘦的呀。,0
6551,OK啊，然后的话呢，我们可以导电塑料的话呢？,1
6553,我们碳链之间的夹角应该等于多少度。,1
6583,没有对不对，OK啊OK，然后单位质量啊，完全燃烧后扬要最大的有机物的电子式，我们应该是哪一种。,1
6586,什么意思，,1
6588,我们应该是甲烷，对吧。,0
6589,OK啊，然后的话呢，它的同系物当中有个碳原子的分子式为。,0
6597,那这个怕死掉吧，好吧。,0
6599,然后的话呢，其一氯取代物啊。,0
6602,OK啊，我把这个题变一下，好吧，然后的话呢，我们这里的甲烷啊，我们的讲完的话呢，我们的一氯取代物有多少种。,1
6607,讲完的英语学校有四种吗？,1
6612,你现在看我们在甲烷上面的话呢，我们取代这四个氢，我们相同不相同。,1
6642,是不是这也是一种？,1
6646,有没有问题啊。,1
6654,在浓硫酸滴到五完了吧，浓硫酸加热七百七十都。,0
6655,没问题，会了没。,1
6656,会了对吧OK啊，那么你现在看我们这里的话呢，我们制备乙烯的我们制备乙烯的化学反应方程式，我们应该如何写？,1
6663,我们乙醇对不对OK啊，然后呢？,1
6669,生成乙烯和水对吧OK啊点算啊，别一下，然后的话呢，你现在需要来看一下这个题好吧。,1
6705,选A对吧不可以这个没问题吧我们的主链我们是不是可以这个样子？,1
6708,我们是不是还必须要这样。,1
6784,六种是不是啊。,1
6792,OK，然后你现在来看一下这个好吧。,0
6821,OK啊，你现在看。,0
6824,我们这里的话呢，我们的这种物质，我们是不是高度对称的？,1
6862,选第二个对吧OK啊，我这个怎么又看不到了。,1
6869,对吧，我们的这个它跟这个它是一种，然后我们这个它是不是两种对吧。,1
6871,然后的话呢，我们在苯环上，我们是不是邻间对三种没问题吧。,1
6880,我们最多能与三摩尔，我们的酯基是什么样的？,1
6881,应该是二比成了二比出来。,0
6882,我们的酯基的话呢，我们不能发生加成反应没问题吧。,1
6885,然后的话的碱性水解的产物，对不对，我们应该是一比纯。,1
6886,OK啊，然后的话，你现在看一下我们的D答案错的什么地方。,1
6891,OK啊，我们的我们应该是二丙醇啊，应该是二吗？,1
6923,选C对不对OK啊，我们这里的一履带不有三种对吧，我们乙烷的一律代，我有多少种？,1
6931,我们乙烷的话呢，是不是有一种对吧。,1
6935,是不是啊，,1
6937,然后的话呢，OK啊，我们证完的基本结构应该怎么写？,1
6938,一条一条链对不对？,1
6940,然后的话呢，那么你现在看一下我们这里是正戊烷啊。,0
6944,嗯，不知道不知道啊三种吗？,1
6953,我们是三种对吧，OK啊，我们一定完能不能写下来。,1
6969,对吧OK啊，所以的话呢，我们的依据，但我是不是有两种。,1
6970,正四面体。,0
6975,有没有问题啊，然后我们的星戊烷的星戊烷的基本结构啊，星戊烷的基本结构，我们应该怎么做？,1
6993,不是说五号啊。,1
7039,OK啊，这个没问题吧。,1
7081,选哪一个。,1
7083,选C是不是啊？,1
7088,你看人开的这么温柔呢？,1
7091,真的真的我都没有反应过来，你知道啊，你现在也没看一下啊，我们与某某烯烃与氢气的加什么反应，我们是这个样子。,1
7096,OK啊我们可以把该产物的基本结构我们是不是可以写下来对吧我们这里的话呢应该是三甲基务管？,1
7099,哎，对不对啊，然后的话呢，我们我们有三种不同沸点低一氯取代物啊，那么你来看一下我们这种物质的话呢，我们的一氯取代物有多少种。,1
7105,对吧这里是一种这里是两种然后我们这里是不是一种三种是正确的对吧我们语态五七十的听一定互为同系物啊OK我们这里的D答案是一个错误答案那么我们错在什么地方？,1
7139,选C对吧OK啊，我们可以把C的话的基本结构写下来，我们我完的话呢，我们有几个碳五啊。,1
7141,我们的物物完的话呢，是不是五个碳对吧，然后我们这里是三四对吧，我们应该是二三写错了没问题吧。,1
7211,三四对吧OK啊，我们实验室至乙烯的化学反应方程式已经说过了啊，然后你现在来看一下第二个，好吧。,1
7222,浓硫酸应该是可以。,0
7224,我需脱水和做催化剂。,0
7225,OK啊，OK我们这里的话呢，我们应该是我们浓硫酸的作用是什么作用浓硫酸的作用。,1
7227,不可以因为它的密度比空气少了。,0
7230,然后的话呢，我们以西我们乙烯运的是哪一种方法进行进行收集。,1
7234,我们能不能领悦排空气法。,1
7235,我们的密度跟空气差不多多少对不对OK啊然后的话呢你现在来看一下我们的AB就怕死掉啊我们的C和D是正确的对吧。,1
7238,然后实验后期的乙烯气体当中，我们常还有的杂质是二氧化硫和二氧化碳。,0
7239,因为那个是二氧化硫遇到什。,0
7240,将此混合气体的话的通入到溴水当中啊，若观察到溴水褪色能否证明到我们发生的事加什么反应。,1
7242,噢啊，为什么。,1
7247,我们的二氧化硫遇见溴水也能褪色，对吧OK啊，那么我们这里的二氧化硫和溴啊。,1
7250,我们在水中的话呢，我们能不能发生化学氧化还原反应。,1
7252,可以对不对OK啊，我们反应生成什么？,1
7256,你现在看我们这里的二氧化硫的话呢，OK啊，我们二氧化硫就主要性质是什么？,1
7261,我们二氧化硫最主要的性质，我们应该是还原性。,0
7263,没问题，对不对我们的二氧化硫我们最主要的性质，我们是还原性。,1
7266,二氧化硫。,0
7267,对不对，所以的话呢，你现在看我们的二氧化硫，我们具有还原性的话。,1
7268,上课吗，,1
7270,我们的二氧化硫，我们具有还原性的话，它的化合价应该怎么变？,1
7272,那么这是个强吧。,0
7275,我们具有还原性的话，我们的化合价应该怎么变？,1
7283,你现在看我们的还原性，我们的二氧化硫是不是具有还原性对吧。,1
7288,没问题，对不对，然后的话呢，我们这里的溴单质，我们应该是什么？,1
7294,我们应该变成正六价对不对。,1
7296,OK啊，我们变成正六下，那么你现在看我们正六价的话呢，我们应该是哪一种物质。,1
7302,OK啊好了，你现在的配比你你，你现在需要把它抄下来，好吧。,0
7323,好了，对不对？,1
7347,真的我这样。,0
7353,选D对吧OK啊，好。,1
7413,OK啊，我们这里的话呢，我们是二甲基戊烷对吧。,1
7417,我们二甲基戊烷是不是应该是这样写的？,1
7420,OK啊然后我们这里的A答案的话呢我们是不是应该是这样？,1
7422,对吧，所以的话呢，我们打死也不可能生成它吧。,1
7424,对吧OK啊，然后的话呢，你现在看我们这里的话，我们的B答案对吧，我们B答案是不是这样？,1
7430,对不对，然后的话呢，我们这里生成的我们是不是应该是三甲基戊烷。,1
7433,对吧，然后的话呢，我们这里的C答案，我们是不是应该是这个样子。,1
7434,我们是不是二R二甲基丁烷没问题吧。,1
7437,然后的话呢，我们的D答案对吧。,1
7439,我们D答案是不是应该是这样？,1
7443,没问题吧，所以我们答案是DOK啊。,1
7445,OK啊，然后的话呢，我们现在来看一下这个啊。,1
7467,OK啊我们这里是A没问题吧。,1
7475,这个还不能做啊。,1
7488,选C对吧OK啊。,1
7490,然后你现在看这个啊，我们命名就不说了，好吧。,0
7529,然后的话呢，你现在来看一下啊，我们做分子当中的话呢，只含有碳氢两种元素。,0
7530,他们有机物的相对分子质量是五十八，则该有机物的分子是你能不能看见算下来啊。,1
7554,你现在看我们问的是分子是啊，你刚刚给我说的话呢，不是它不是它的分子式是它的结构简式。,1
7560,OK啊，是它的结构简式啊，是它的结构简式。,0
7564,啊，就是说分子是吗？,1
7566,我们的结构简式应该是什么？,1
7571,哦，对我们的分子是应该是什么？,1
7577,然后的话呢，我们的分子啊，我们的分子式碳原子刻数，我们的余数是不是氢原子构成？,1
7581,余数为零，我们应该怎么做？,1
7584,对余数如果我们为零的话，我们应该怎么办？,1
7586,没问题对不对OK啊然后的话呢我有机物的话呢若该有机物我们是还有衍生物啊。,1
7588,和分子当中，我们有一个碳氢三则可能的结构简式啊，能不能写下。,1
7605,H啊，括号二CH三。,0
7611,我们应该是什么东西啊？,1
7618,是这个吗。,1
7629,CH三CH二对吧，CHO没问题吧。,1
7658,我们这里的话呢，OK啊。,1
7663,对吧，我们就醛基的话呢，你现在看我们这里的话。,1
7664,我们肯定是两个醛，基，没问题吧。,1
7666,是不是。,1
7670,都写都对啊，随便行对不对啊。,1
7688,有硫还有发际线呢。,0
7695,你不觉得你不你不觉得你不觉得我是带到我们吗？,1
7702,那是因为隔着屏幕，你知道吗？,1
7717,那我就不起来看啊，我这个角在这里，它本来是有投放了他现在这两边。,0
7735,选A对吧OK啊。,1
7743,OK啊，然后的话呢，你得把它命名一下就好了，好吧。,1
7754,是啥，,1
7795,选D对吧OK啊，OK。,1
7814,我们四氯化碳数不胜数余数不属于卤代氢。,1
7824,没问题对不对OK啊然后的话呢你现在来看一下第二个对不对？,1
7848,B对不对？,1
7853,我们这一种有机物的话呢，有机物，我们一般情况下，我们属于电解质还是属于非电写出来。,1
7856,我们是不是属于非电解质对吧，所以的话呢，它根本不会电离溴原子，然后的话呢，也没有办法与硝酸银进行反应。,1
7862,那么我们要如何检验卤代氢当中的溴原子OK啊，我们有这么一些办法啊，有这么一些半。,1
7865,我们第一个的话呢，我们是不是可以通过水？,1
7867,水解的方法对吧，我们是在氢氧化钠的水溶液里面，然后的话呢，我们是不是把它变成了溴化钠？,1
7872,然后的话呢，我们能不能直接给它加入硝酸银。,1
7878,对不对啊原因告诉我。,1
7883,你现在看我们这里的溴化钠和硝酸银，我们它们两个不反应吗？,1
7886,溴化钠和硝酸银它们两个不反应吧。,1
7889,人是错的，嗯对的。,0
7890,我们这样，它们两个肯定反应吧，我们的溴化钠和硝酸银。,0
7892,我们是不是反应生成溴化银代代黄色的沉淀和硝酸钠。,1
7896,对吧，但是的话呢，你现在看一下我们通过了氢氧化钠的水解，对不对？,1
7897,我们的我们的溴乙烷的话呢它会变成什么？,1
7903,你现在看我们的这里的溴乙烷的话呢你又说我们的卤代烃对吧我们在氢氧化钠的水溶液里面它会变成什么？,1
7913,啊，好吧，你说这搞得我好像这个又学的样子OK好，我们来说一下，好吧。,1
7916,然后的话呢，我们是什么东西啊，我们是锈乙烷对吧。,1
7918,然后的话呢，我们通过了氢氧化钠的水溶液是不是啊，然后的话呢，我们发生水解的话呢，我们应该生成的是乙醇，对不对。,1
7919,然后的话呢，我们这里的羟基我们变成了我们是不是取代的溴取代的溴原子。,1
7925,有没有问题啊。,1
7927,没有对不对，所以的话，那你现在看我们也就说白了这个是说白的是这个意思啊，我们这里的话呢，我们的溴乙烷对不对，我们属于。,1
7929,对吧，所以的话呢，我们跟硝酸银，它是不会发生反应的。,0
7930,能理解吗。,1
7934,没问题吧，我们还有哪一种卤素原子，我们其实是不知道。,1
7938,那么我们可以通过氢氧化钠的水溶液，我们进行水解。,0
7939,然后的话呢，我们反应生成的是乙醇和溴化钠。,0
7942,非电解质，我们现在变成了一种电解质。,0
7943,没问题吧，然后的话呢，我们再通过什么我们再通过溴化钠和硝酸银的反应，我们反应生成的应该是溴化氢，一旦不好算的沉淀和硝酸钠，我们就通过这个反应。,1
7947,我们是不是间接性的这种证明的卤素原子。,1
7954,第一步啊，我们给它水解没问题吧，我们的水解已经完成了，然后的话呢，我们叫水解完成的这种溶液里面啊，就是说我们反应了一段时间以后的话，我们能不能直接给它加。,1
7975,没问题吧，所以的话呢，我们一定要陪出其他离子，我们对银离子检验的干扰。,1
7977,是不是这个意思啊？,1
7981,有没有。,1
7983,大眼硝酸根啊，氢氧根吗？,1
7986,是不是啊，也就说我们这里的氢氧化钠当中的氢氧根，我们是不是可以对溴离子的姐姐骑。,1
7991,所以的话呢我们在第二步啊我们再加入硝酸银以前我们必须要加入什么？,1
7996,听懂没懂我一分钟的话。,0
8002,氢氧根离子，我我们对应对溴离子检验的干扰没问题吧。,1
8006,我给你听懂了吗？,1
8022,是的，我到了吗？你特别可爱，你看完了吗？你明明就你能理解你说这句话的时候给我的一种感觉吧。,1
8024,你明明知道我卡了，你为什么很对不对？,1
8037,嗯，难道你去证明它们，你为什么不来对不对你说过，为什么不算数，那你就不算出来的话，你还能怎么着？,1
8043,老师，你是看了吗？,1
8044,你看了吗？,1
8049,我们这一个的话呢，我们又是如何鉴别溴乙烷货物啊。,1
8054,如何鉴别，,1
8058,OK啊，然后的话呢，卤代烃去能发生水解反应和消去。,0
8066,对卤代烃均能发生水解反应对还是错。,1
8071,对啊，那么我们的卤代烃均能发生消去反应对还是错。,1
8089,你现在看啊，我们可以举一个例子，我们这里是一氯甲烷对不对，OK啊，我们的一氯甲烷的话呢，我们的一氯甲烷能不能发生取代我们的应用讲完我们是不是可以生成生成的是什么东西啊。,1
8090,跟下层的是锈乙烷上层数啊。,0
8092,我们水解的话呢，我们生成的是不是？,1
8094,是不是甲从对吧。,1
8098,有没有问题啊，水解反应对吧什么反应的话呢，我们生成的是甲。,1
8105,OK啊，OK，然后的话呢，你现在看我们这里是卤代烃啊，我们仍然拿氯原子没说明啊。,1
8108,我们这里的话呢，我们的氯以外，我们又发生的是什么？,1
8111,发生的是消去反应对不对？,1
8117,逆乙烷的话呢，我们发生消去反应。,0
8120,把条件是什么？,1
8122,氯以外我们发生消去反应的条件是什么？,1
8126,我们是氢氧化钠和乙醇我们进行共热。,0
8130,OK啊，那么你现在看一下我们这里的话呢，我们反应生成的是。,0
8141,OK，我们我们我们发生消去反应的产物是什么？,1
8143,你问我记记一大堆啊，一个答案都没说对生成什么？,1
8149,那氢氧化钠可以成功。,0
8153,与氢氧化钠和乙醇空间。,0
8154,我们除了烯烃，我们应该还有什么？,1
8167,能不能理解。,1
8169,思路乘四的吗？,1
8170,能听见吗。能对吧OK啊，我就说，我们发生消去反应的话呢，我们是不是卤素原子和贝塔太上面的清，我们发生的是消去反。,1
8172,有没有问题啊，没有问题，对不对，然后的话呢，我们反应生成的是烯烃，那么你现在考我们对于律万来说啊，我们消下来的应该是什么东西啊？,1
8178,我们生成的其中的一种产物是氯化钾是乙烯对吧，那么我们是修下来的，我们是不是应该是氯化氢。,1
8180,对吧，然后我们的氯化氢和氢氧化钠的话呢，我们是不是反应？,1
8183,有没有问题，,1
8186,没有对不对，没有问题啊，没有问题。,1
8193,是不是啊，,1
8199,我怎么翻不了页了？,1
8204,能不卡了吗，,1
8205,哦问题出在了知道吗？,1
8208,我没有翻啊，我没有翻到这一页，我没有翻OK啊，我翻不了啊，我翻不了的话吧，不要紧啊，我们把前面的再做一下，好吧。,1
8243,对不对，然后的话呢，OK啊，你就说我们的这整个的话呢，我们是不是一个直链？,1
8248,然后我们的B的话呢，我们是不是应该是二丁醇？,1
8250,对吧OK啊，然后我们可以写出C的基本结构啊。,1
8251,C是不是这样的，对吧。,1
8252,那么我们的主主链是不是应该是这个样子？,1
8253,对吧，所以我们是不是三甲基甲乙丙丁戊己。,1
8258,对吧OK啊，然后的话呢，我们的。,1
8263,我们这一个的话呢我们是不是二甲基丁酸？,1
8265,有没有问题啊。,1
8267,是不是啊，,1
8270,我们应该是二价基丁酸啊。,0
8275,OK啊，把这一个的基本结构写到电路上。,0
8295,然后的话呢，我们是二四六三甲基苯乙烯怎么写？,1
8309,是不是啊，,1
8347,选第几个。,1
8348,第二个对不对OK啊那么你现在看我们的A答案的话呢我们应该如何命名。,1
8357,跟完对不对OK啊，然后的话呢，我们的C应该如何命名？,1
8368,一假期三十七分对不对OK啊。,1
8371,然后的话呢，我们的D答案如何命名？,1
8383,我们是二价记一下，第二题，对不对OK啊，非常好啊，非常好嗯。,1
8387,你们的这个语文的这个卤代烃是什么时候学的啊，没变。,1
8393,那你怎么忘的快这么厉害呢？,1
8397,然后的话呢，我们可以啊，OK好吧啊，我会搞不懂了啊，我也。,1
8399,那哦，你们是四月十三号就可以学了是吧。,1
8412,你怎么了。,1
8414,应该是二甲基。,0
8435,忘了你怎么？,1
8447,哎，才刚刚学是吗？嗯？,1
8449,好OK，那我们来看啊，我们今天把长方体这一块儿，它的表面积跟它的体积综合起来啊，那在第二章的时候，学过正方体跟长方体的什么？,1
8453,在第二章的时候，我们学过正方体跟长方体的表面积对吧嗯。,1
8460,表面积是什么呢？比如说长方体的表面积，它指的是什么呀？,1
8462,长方体的表面积是长乘宽乘高。,0
8464,是吗表面积哦，不是就这里。,1
8467,长乘宽加长乘高加宽乘高的和乘以二。,0
8469,对非常好啊，长方体的表面积是指的长方体展开面的六个面的面积之对吧。那么正方体的表面积指的正方体展开面六个面面积之和对吧。,1
8474,对六乘以一个面的面积就是六个面的面积，对吧嗯，好好在这里为什么还要理解一下面积面积是指的是物体所占的平面的大小，对吧嗯。,1
8484,表面积它的常用单位是什么呢？表面积？,1
8488,对那么体积先说体积指的是什么？,1
8493,对物体所占空间的大小，对吧嗯体积单位都有什么呢？常用的体积单位。,1
8494,一般会有平那个立方厘米立方米立方厘米。,0
8497,这是我们能记住啊，来看一下题目说棱长六厘米的正方体的体积跟表面积相比，谁大呢？,1
8502,你感觉一样大是不是啊？,1
8508,你选C呀，为什么选C了啊？,1
8518,之前是不是也遇到过了啊？,1
8520,忘了对不对啊，它们它们的单位。,1
8531,他们有可比性吗？嗯？,1
8532,体积跟容积是吗啊？,1
8533,呃，就是那个我记得是那个立方厘米等于那个毫升，然后呢，立方分米等于身。是吗，,1
8536,这样，那我们说的不一样吗？,1
8537,啊，这就是表面积表面积跟体积啊。,0
8539,就是他本人节点体积能不能比较。,1
8540,表面积跟体积它俩它俩指的是一类东西吗，体积指的是物体所占空间的大小，而表面就是。,1
8542,表面积是以燕物体，它的表面的大小。,0
8544,对把它展开之后，它所有面的面积之和对不对嗯就好比就好。,1
8549,没有可比性呢。,0
8555,然后它明明是个坑。爹把数字里面是什么意思？,1
8558,不是老师，我是问你，你的数也为什么会标到数字里，我见过来上课，那。我在上课，我们还在说话。,1
8568,老师，你刚刚的问题，你还没回答掉到树里面其实是什么意思。,1
8573,啊，哪个数。,1
8575,数学肯定是数字的数啊，对不对啊。,1
8593,这个是指。他的可以给我想想啊。,1
8604,看它的单位的话，体积是不可能的吧，因为它的立方厘米了。可以排除掉吧。,1
8612,DAC啊好D选项就是选择D选项你看它的单位就把B和C排除掉了对不对啊再和A和D里面选那占地占地面积肯定是底面积了对不对嗯。,1
8629,我上节课点赞了呀。,0
8631,上面就是上上节课，没叠，反正有一些看不见哦不对有好几解吧。,1
8632,我上节课点。,0
8638,那为什么是前提没有？上提的山上吃呢？,1
8640,啊，上上题是因为你做对了答案是，虽然对了，但是你的原因没有对啊嗯。,1
8649,如图中的两个物体是用相同数量的小正方体摆成的比较它们的表面积和体积说法正确的是体积相等。,0
8651,正方体的表面积大。,0
8652,体积相等，这长方体的表面积吧，表面积相等，正方体的体积大诗人。,0
8662,老师，我能写一下吗？,1
8673,你先排竖C好可以。,0
8679,是选A吗？,1
8680,正确答案是吗？嗯？,1
8684,你为什么说正方体的表面积大呀？,1
8688,嗯，我再想一想。错了呀。,1
8705,可为什么我就算出来是十四？,1
8709,嗯然后呢。这一部分，他们俩都肯定是对的。,0
8711,对就看谁的表面积大对不对啊。,1
8713,对一边是正方体一个长方体，那你可以假设它的一个小正方体的棱长是一厘米算一下它各自的表面积对不对啊。,1
8717,错是选A还是雪碧。,1
8720,对你算一下它各自的表面积大进行比。,0
8721,那为什么老是这个我算出来是二十四？,1
8722,这个算出来是二十四是对的呀，那这个呢？,1
8724,嗯四乘一加一乘二。哦我想起来了，我写B。,0
8727,你选B对吧，这个算出来是多少？,1
8729,你就是二十八是正确的啊嗯。,0
8736,为什么这边也又飞机啊？那你等一下吧嗯，再弄几下一位。,1
8738,然后再上表面截对吧啊，这个题啊，你要细心一点。,1
8744,就是体积表面积跟原来相比结果。,0
8745,完了，我们知道它增加两个面。,0
8758,没有任何的会减小吧。,1
8767,这个是你想呢，但是你们第一次没算出来呀啊，这个是在我提取。,1
8772,那你就继续加油啊，这个做的是对的啊，给你奖励好不好。,1
8778,好再说到表面积，这里表面积，你刚才也说了，他们各自的表面积公式对吧啊，你千万不能忘记乘二啊嗯好来了啊。,1
8781,刚才你知道我对叫我叫什么吗？,1
8783,叫什么吗，,1
8785,看你知道吗，好吧。,1
8818,嗯，什么是占地占地面积啊，我刚才是不是？,1
8821,对跟我们大地接触的那个面对不对嗯。,1
8823,是不是啊，,1
8826,对，就是它那个底面对不对谁跟谁跟那个底面接触的对吧，那就占地面积对不对嗯。,1
8829,好，那你想一下长方体是不是有三种面了，对不对嗯。,1
8836,长方体是不是有。,1
8838,确定长方体是不是有三种面呢？嗯。,1
8844,哪一种面的面积大，它是不是让它们一面？,1
8846,占地对不对嗯面向呢？,1
8848,能理解吗。,1
8851,你，你听我在讲什么吗？你真的吗？嗯。,1
8856,最大长方体是不是有三种面呀，我先问你啊。,1
8858,它有三组面对不对啊，那你想一下它有长乘宽对不对嗯秋天啊，长乘宽啊，它是不是也有长乘高呢，它还有宽乘高这三种面，这有三种呀。,1
8862,呃，还有宽乘高吗？,1
8863,对吗对不对好，你看有三种面，你想用哪个面最大就让哪个面它朝底面呀，这样子占地面积才最大呀嗯。,1
8867,明白了吗。,1
8870,对吧，所以第一问我们就写四乘三等于什么？,1
8877,这就第一问对不对第二问我们表面积呀表面积最耍向阳知道占地面积啊。,1
8880,表面积这一算啊。,0
8881,后来带脑子里说了吗？,1
8882,旁边有本子吗，确定？,1
8887,后面怎么怎么草玩？完了，那说一天一天滚过来，昨天。,1
8896,二十呢，,0
8899,我在这里都是心态。好提前说啊。,0
8906,条件在这里，你要注意一下吧，表面积表面积，你用你用忘记乘二了，你刚才是不是忘记乘二。,1
8919,你不是啊，记住长方体表面积不要忘记乘二了啊啊看题啊。,1
8934,好巧，题能明白吗，再想一下。,1
8990,它定好了吗，,1
8993,还没飞过去，刚才连飞了三一加。,0
9005,好来，我们说占地面积那你现在你知道占地面积了没嗯，你看物体的占地面积。它就是它跟地面接触的那个面对不对的面积是不是啊嗯。,1
9010,如图做一个这样的火柴盒，至少需要多少平方厘米的值代，包括里面的那核核子的厚度忽略不计，为什么还要写个问号的。,1
9012,嗯，看谁的面最大那那个面最大的那个面是不是跟地面接触呢？,1
9021,盒子的厚度忽略不计打括号没了，然后这个问号是代表这里是挤压问号。呃，特别的器官。,1
9022,网络好差刚才好玩了，还可以呀。,1
9024,我说一下，在能听到吗？差点。,1
9030,他很奇怪的，你知道为什么啊？,1
9031,然后你找老师会怎么回答吗？,1
9032,怎么那么图飞机啊，你们那边。,1
9034,嗯，你觉得老师会怎么回答？,1
9036,我们老师应该会这么说，关颖抛物线是吧啊，这个数学可以不是英语文课，你，你搞个错别字，刚刚给我专心认真的看错题。,1
9044,好，我们可以会来啦，确定。,0
9052,你觉得自好看吗？,1
9061,很奇怪，是吗？,1
9064,嗯，没关系啊，那我们氢明白是什么意思就行好，那我们就主要来计算了啊。,1
9065,你想写什么数学就是对吗？,1
9078,嗯老师说什么啊？,1
9098,大家张本累了啊，咱们再看看。,0
9102,好嗯，有点需要提升啊。,0
9109,然后呢，甲的父母和往前就正好完美的宝贝，你算什么继续嗯嗯。,1
9117,还和有没有见过呢？,1
9149,那你自己来弄吧啊。自己来呢。,0
9166,最后结果是吗？不对啊，注意包括两部分一部分是那个河尾无论是盒子那横立或是长什么样子，就像抽题啊，知道吗？,1
9171,那和把它抽抽抽出来是不是这样子啊？,1
9172,那它那和是这个那这个的长宽高都是Y和的吗？,1
9180,什么问题啊。,1
9190,长宽高都一样的。,0
9195,Y和你算多少，当它。,1
9196,呃，它的长宽Y不等于一了吗？,1
9207,不是乙不是说长宽高都是相等的吗？,1
9215,那和是这是什么样子外号是什么样子？,1
9225,对这个人家都告诉你了，什么什么？,1
9229,看到，这儿了吗？,1
9230,厚度不计后都不记得是什么意思Y和跟那个。,1
9231,它的长宽高是一样子的明白吗？嗯？,1
9246,是不是啊，,1
9256,什么意思啊，是啊，你是说所有的都看不到一吗？,1
9258,长是五厘米呀。,0
9262,懂我的意思是长宽高相等的，一直是那横的长跟YY和的长相等，卖横的高跟了那好的高也相等，明白吗啊？,1
9265,就是那个Y和它的厚度都不知道是多少，我们该怎么算。,1
9266,你明不明白秋天没有见过没有见过我们的火柴盒也行你有没有见过我们这样你的抽屉呢啊。,1
9268,那它厚度不咋多少啊？,1
9277,对不对，那还有几个面组成呀。,1
9282,对它没有上面也就是说那横是不是五个面呀，对不对嗯。,1
9286,对吧外函数是什么呢？Y盒子是什么Y盒子是不是就相当于抽屉包裹抽屉的那个东西了，对不对嗯。,1
9291,对吧，包括秋天抽屉放忘静音放是不是问号外面是不是只有四个面呢啊？,1
9293,就是那个况对不对嗯。,1
9296,对不对，会好像是不是四个面呢？嗯。,1
9297,Y坐标是。,0
9305,要这个面吗？Y和Y和么就怎么样吗？,1
9312,则盒子的长宽高。,0
9315,知道吗嗯。,1
9316,你现在能明白那个东西长什么样怎么是首项。,1
9323,这个这个盒子是不是出来了拉出一个那回来，对不对长这个样子嗯。,1
9325,对不对那Y呢，Y和是不是四个面呀，前面跟后面上面跟下面对不对左面和右面，他没有因为出题有前后对不对哎呦左面和右面对不对嗯。,1
9331,能理解吗？所以Y合适这四个面啊。,1
9332,那应该就是这个长宽高都不用减去的吧。,1
9333,能清楚吗。,1
9335,能不能确定。,1
9342,刚刚还是。,0
9343,能看清楚吗？嗯？,1
9358,嗯，什么意思什么叫厚度盒子的厚度忽略不计了啊，就是说那和跟。,1
9361,就是说你拉出来，本来你里面是不是应该长宽高会小一些呢啊？,1
9365,对不对你的那好像是不是拉出来，你应该在你的盒子里面包裹着对吧，你应该长宽高要小一点点对不对，嗯，他现在说盒子的厚度不足，就是意思是说，让我们的那个。,1
9369,它的长宽高跟我们的Y和是相等的，它没有厚度，明白吗，这叫做单框厚度不记啊。,1
9372,明不明白啊。,1
9380,清楚了吗。,1
9382,你现在开始计算了，没呀。,1
9385,是三十五吗。,1
9392,要长宽高，你还有没有别的数。,1
9396,没了你你要算内恒你就必须得知道这个长方体的长宽高。,1
9406,等于三十一吗。,1
9410,什么哪个面，你是说，那还是Y哈。,1
9431,Y和是整个Y和所以那个整个Y和吗？,1
9453,考试后，算法怎么这四十？,1
9454,对正确，那好像是不是三十一啊嗯。,1
9455,对三十一平方厘米好，没问题啊，再算Y。,1
9476,那万一我没见过这种火柴盒儿。,0
9477,你说呢，Y和知道哪一部分，你刚才不是说转一圈吗，对不对嗯对就是那一圈。,1
9479,那Y和是多少，你来计算啊。,1
9492,多少四是正确的？,1
9497,我们是不是把这两部分要怎么样？,1
9505,讲清楚，他长什么样子？每一部分都有几个面对不对需要计算几个面。,1
9509,只有把每一部分计算对了你的最后结果才是正确的，是不是啊嗯条件呀。,1
9525,但是一般情况对不对我们考虑常规情况对吧。,1
9526,老师可以先算出，它的长宽高吗，它长宽高都一样吧。,1
9540,不一样，是吧好快来了。,1
9548,他是不是那个。,1
9549,那个表面积应该先把九十先去除以个六。,0
9568,你开始计算了吗？,1
9598,十五个面的面积吗，是几个面的面积啊。,1
9600,这十五平方厘米对不对啊？这十五平方厘米是指几个面的面积啊。,1
9610,九十是几个面呀，表面积是几个面。,1
9614,嗯正方体的表面积是几个面。,1
9622,对一个面的面积啊，那一个面的面积刚好是不是指的就是这里啊嗯或者前面对不对，所以你现在想办法啊。,1
9631,十五乘以四对吧好来看，这里啊，说如果把这个正方体以前虚线切开得到三个长方体，也就是。,1
9633,体积是叉那个长长方体的体积是长乘宽乘高正方体的体积还是成为宽乘高。,1
9634,这样切对不对嗯得到三个长方体，那么三个长方体的什么？,1
9645,它把它切开之后是不是增加了几个面增加四个面对不对啊，那增加四个面，我们其实三个长方体的表。,1
9651,好原来的表面积啊，再给它增加的对不对啊。,1
9655,对不对嗯确定啊。,1
9656,两个完全相等的长方。,0
9658,拼成一个表面积最小的长方体拼成的长方体求体积是。,0
9659,你也可以怎么样，你也可以想一想，它们是不是原来是不是六个面对不对。,1
9671,就是两个公式，需要你这两个公式啊，体积是什么？,1
9678,正方体是棱长乘棱长再乘棱长嗯。,0
9694,确定啊，,0
9716,C选C吗？,1
9729,我们说，在拼接的时候，体积会不会发生改变。,1
9730,那个长是十二宽是十高是三。,0
9752,在拼接的过程当中，想一下体积会不会发生改变。,1
9755,讲了它的体积和表面积。,0
9764,它们的体积对不对嗯。,1
9770,用两个进行评价，对不对啊小题啊。,1
9775,选择哪个。,1
9792,确定清楚了吗？嗯？,1
9793,前后的体积不变，然后呢，算表面积的话会增加两个面算体积的话不变。,1
9795,更切割之后，这两个物体的体积是不放发生改变的，对不对嗯然后再切割的时候切割一侧产生表面积会多出两个，面对不对奇特两侧表面积会多出四个面对吧嗯。,1
9797,然后你还说这个那个长方体和正方体的体积有两种公式。,0
9801,我们来总结一下我们这节课讲的内容啊，这节课都讲完了，什么？,1
9808,就是长方体的体积跟表面积对不对。,1
9809,还有正方体体积跟表面积。,0
9813,长乘宽乘高，还有那个底面积乘高。,0
9814,侧棱长为六厘米的。,0
9822,题里面出现不能跳到坑里面去了啊，这是我们第一部分对不对啊，还有什么呢？,1
9823,还有什么呢啊？,1
9824,还有什么呢，,1
9835,前后前后的体积变不变。,1
9840,对表面积切割一次对不对？,1
9854,要记住两个啊，对不对啊长方体的体积等于什么？,1
9863,正方体的体积啊。,0
9870,它会告诉你底面积和高呀，或者它告诉你底面积和。,0
9873,三平方厘米啊，我问你高呢？,1
9874,对不对嗯。,1
9877,二厘米对吧，那你要就是你要对这些东西。,1
9882,哦，我刚才给你标记重点啊嗯然后我吗？,1
9883,嗯好我下课之后呢，有一些。,1
9885,啊，透明确定不过是吗？好？那你抽空你还是要练学校，我看看你到底怎么样，那有没有。,1
9886,做了啊，调电压嗯。,0
9889,行不行嗯确定。,1
9890,好，那我们今天先到这里呢？,1
9891,嗯等一下我还要给你先算的，要不然，你会不会出去。,1
9902,笔记还在吗？,1
9923,是不是有力啊。,1
9932,下一步是不应该除以七啊。,1
9943,哦，我知道问你说的，然后我们一起来能确定一下啊。,1
9957,嗯，好了吗，,1
9975,怎么。,1
9977,哦，对不对这个时候，我算错了啊，蒙着了应该是哎啊二十。,1
9989,是不是从六号的星期一呀？,1
9996,那是不是应该是周期里的第二第二天呢？,1
10052,十二月二十四日应该是二十四题能理解我的意思吗。,1
10059,去看周期能理解吗？,1
10062,那为什么错这么多啊？,1
10120,二十天的第一天是不是？,1
10122,你要干什么。,1
10124,为什么没有余数二十除以？,1
10142,对不对和六一，这是星期三吗？在过二十天，那它的。,1
10194,说，到了吗？,1
10197,周期问题啊力变求星期周求几号是星期几的问题。,1
10201,好这个地方要熟练啊，过程是没有问题的，你怎么计算过程求总数，然后除以七属于数都是没有问题的，那问题在于你的周期排列。,1
10206,呃，我们现在学校已经学小数了，对不对？,1
10207,嗯，还没学了今天刚学完了嗯对调今天学的。,1
10213,那你学的什么？,1
10215,妈妈说什么。,1
10217,一天应该怎么。,1
10224,嗯，就等于还没学呢？,1
10230,那我们来看一下啊。什么是小数呢啊，不是说。是很小的数啊不是说很小的数。,1
10255,零点厘米，,0
10283,那好给分儿就为零点几，那我想问一下这个地方应该是零点几。,1
10306,我们想表示，其中的几分就是零点几。,1
10314,啊，这可以理解吗？,1
10321,能看到吗。,1
10334,七个我们用分数表示应该是一百分之七啊那小数应该表示多少呢？,1
10336,小刺猬围栏是什么表示？,1
10351,是是是一十二了。,0
10353,一二三四五六七八九十，它依旧是分成了十分啊，还是把这个正方形平均分成十份，那阴影部分是几份了。,1
10356,小鹿是天天小数啊，是。,0
10367,啊零点二六啊，我们要读的是零点二六，我们一会儿会会去讲怎么读啊零点二六，所以说，小数啊。,1
10389,应该是多少呢？,1
10393,正确零点五啊，那好现在我们看第二个位置是在一和二之间了，对不对。,1
10397,那你说，这个位置应该是小数应该怎么写呢？,1
10401,应该是一点一看可不可以理解。,1
10416,是不是也应该是零点一啊？,1
10418,但是我们想整数部分是不是已经有个一了。,1
10430,二点三呢。,0
10447,明白了那最后应该是多少呢？,1
10458,好右边的这部分小数点右边这部分，它代表的是什么代表的是我们要将一种分平均分成十份或者是一百分，我们曲线的积分对不对。,1
10468,好那好，刚才我数的是不是从右向左数啊。,1
10495,哎下一个一个是十二对不对，我们以这个小数点。,1
10523,对十分位百分位千分位和半会对不对？,1
10546,那你现在你思考的问题啊，你先思考问题，你说。,0
10563,怎么喂吃了一岁。,1
10564,嗯，不能这么理解啊，你的意思我我你我能够明白你想表述的什么？,1
10579,十个零点零一是多少？,1
10581,对对那十个零点零一呢？,1
10583,什么原因是，,1
10602,这能理解吗。,1
10604,哎能理解就好，我们现在你先把这个E先把它弄清楚啊，然后我们再通过类型题来把坚强望去练啊，所以说，在书柜关系上这个数位表，首先我们要确定好它的整数部分是我们以前学过的，然后这节课呢，我。,1
10608,那又研究对象小数部分啊，它的读法啊，包括十分位百分位千分位，那准备啊，包括十分之一百分之一千分之一万分之一，那这里边有几个重要的点，我们要强调一下强调一下，首先。,1
10624,好，它的数位是十分位百分位千分位。,0
10637,好哪边大那边小就可以了啊，这个我们刚说可能会比较太概念性了，我们通过练习可能会好一些。,1
10640,那么好一些啊。,0
10650,哎，这里边我们零点零八是对的，但它实际上应该这么写啊，他表示。,0
10657,我这么写，可不可以理解。,1
10659,啊，因为你想四点零零八这个八是不是在千分位上啊。,1
10663,那千分位上的话，它就它的计数单位就是零点零一那表示的是八个零点零一。,0
10672,哎，这个问题，我们先来看一下三个百是不就是三百啊。,1
10677,三个千分之一是不是应该是零点零三呢？,1
10680,哎，零点零零三这个没有交到这儿啊，应该是零点零零三那他们两个组成的数是不是应该是三百点零零三呢？,1
10711,哎等一下你看哎，你看这一三一是在哪里？,1
10714,开头是个呗。,0
10718,对呀，那不就是一个什么？,1
10724,把它是不是个位啊，问你几个几的问题四个什么？,1
10729,你读的不对啊。,0
10747,啊千万别是四个零点零四九个零点零零九那就不对了。,0
10751,那好，这里边它的计数单位是多少啊，计数单位就是最小的分数单位。,1
10762,最末尾是在哪个数位上？,1
10767,零点九六吧，它的计数单位是多少？,1
10770,嗯，是，的末尾，,0
10785,看到了吗。,1
10786,百分之一了，下面的一分别写作灵感一点点邻里零点零一。,0
10787,嗯，什么意思呢？,1
10790,我们要看小数的最后一位在哪里在百分位上就是零点零一。,1
10807,啊，是这么去表示的啊。,0
10861,呃两天两天一十点五零。,0
10863,下一个呢。,1
10864,哎，这个问题，你要想清楚啊，这是两千这个是读两千一十吗？,1
10877,对啊，就是这样的整数部分读整数部分小数点多小数点小数部分都小数部分就可以了。,0
10883,里出下列小树说，我点三十二哎简单。,0
10907,哎，这这题让你写的你这七怎么写的鱼钩了呢，七百都没写吗？,1
10924,我们怎么可以把它变成小数呢？,1
10927,三角零点二很分点零了。,0
10934,是不变呢，就是三整数部分。,0
10936,两角相当于多少元呢？,1
10938,哎，两角是不是。,1
10946,那是不是零点二啊？,1
10987,五分对五分是零点零五元，那这个八角是多少元？,1
10991,哎，那九元是多少元是不就九元呢？,1
10997,哎，这个能理解吗？,1
11006,可以用小数来表示了比如说五角等于零点五圆一分等于零点一九。,0
11013,等于多少元呢？,1
11015,等于二点二元。,0
11016,哎二点零四圆环是二点四元。,0
11021,二点零四和二点四有什么区别？,1
11039,它应该等于的是二点四九。,0
11079,其余数位上是零，你能写出这样的数吗？,1
11088,个位右边是什么位？,1
11093,哎想清楚是怎么怎么说呢？,1
11095,有个分位说吗？,1
11103,左边是十百千右边是十分位百分位千分位。,0
11120,百位和百分位上是最小的单数是多少？,1
11129,其余数位是零就剩一个个位的是零，那你说这个数应该怎么读啊？,1
11132,点号，,0
11134,点号小数点啊。,0
11136,你注意它一个点在哪？,1
11139,你觉得点应该在哪？,1
11153,哎这个是正确的九千一百二十点二十九好。,0
11157,它这个能不能理解啊？,1
11161,好，我们来看一下啊，三十四点三。,0
11168,是不是。,1
11169,最右边的三代表的是三个零点一，那你说它俩相差多少倍呀？,1
11175,一百倍它说左边的三是右边的三左边的是大的右边的是小的是不是应该是一百倍啊。,1
11191,你可不可以先把这个数写出来。,1
11199,三Y零二百零七不会写了吗？,1
11213,还是不太会写。,0
11214,哎，什么呢。,1
11228,啊，老师那个文理来拿呢？,1
11240,哎，还有吗，还有别的吗？,1
11250,三十点二零七是不是读了一个零啊？,1
11253,我们这么多啊，三千二百零二十点七可不可以。,1
11254,是不是也独立的那个？,1
11257,啊刚才你说的这个三百零二点零七对是不行呢这个读两个力。,1
11272,这个数怎么多？,1
11275,嗯，正确啊，我们这个整数部分的读写，我们是要分级的。,0
11293,怎么太难了，试试。,1
11295,我们看这个吗？,1
11297,这个分数怎么表示？,1
11304,零点几，,0
11307,这个怎么表示。,1
11309,嗯，应该啥。,1
11311,这个呢，,1
11316,这个呢，,1
11326,学习了小说的哪些认识啊，首先第一个。,1
11332,十分之一是什么意思，我们还记得吗好呀？,1
11348,它来表示的含义是一样的，那十分之九对应的小数是多少呢？,1
11352,对零点九啊好同样一百分之一冰的小数是多少？,1
11360,一百分之八十一写成小数是多少呢？,1
11380,向右呢。,1
11386,那是个位的右边是什么位呀？,1
11387,个位的右边是什么为？,1
11390,嗯，什么累。,1
11393,嗯跳上了忘记了。,0
11398,啊千分位晚对不对啊我们说一遍可以把这个理解就可以了啊然后它的计数单位。,1
11408,零点六它能给手单位是多少？,1
11413,对就零点一吗？因为十分位是它的最后一位吗？,1
11419,好用零点一零点零一还是零点零零一就可以了。,1
11432,零九七啊零点零九诶零点零零九六啊看到几个零读几个零看到什么读什么就可以了。,1
11438,我们看这个零点三米要怎么去图四？,1
11443,嗯图三个小空格就可以了，对不对。,1
11447,啊，这就是表示零点三的含义啊。,0
11460,真是六什么好？,1
11461,可以啊，那小数是多少呢？小数怎么表示呢？,1
11473,对零点一六就可以了啊，这就是零点一六就是一百分一百分分子里的十六份呗。,1
11484,这不就不做了，这太复杂，我们看这个吧。,1
11497,好啥的分数又忘了。,1
11505,对呀，那就分数怎么表示呢？,1
11506,我就是说什么呢？嗯洗脸。,1
11509,我为啥，,1
11512,好，你这个不用什么这种什么啊嗯总数我，我是不是和你说过零点八就是把就是分成平均分成十份啊。,1
11524,什么是零点一？,1
11548,零点九六写成分数应该是多少？,1
11567,什么是分数啊？,1
11570,还记得吗？好羊？,1
11573,嗯分数就是雪，我也忘了不知道怎么解释。,1
11592,这个能理解吗？,1
11596,那什么是小数啊，小数和它的定义是一样的。,1
11605,啊，在小数这里边没有没有。,1
11612,但零点九零点九六什么意思呢？,1
11626,小数化成分数的过程啊。,0
11630,那我们再说零点八等于的分数应该是多少呢？,1
11639,那如果零点五零点二五呢，它一定是一百分之二十五。,1
11646,这块能理解了吗？,1
11653,当讲到这儿可能就有点不太清楚。,0
11663,嗯好的零点三。,1
11664,看会不会了啊。,1
11666,零点二零点二。零点二零零散散对不对？,1
11671,好，下面这一组呢？,1
11682,嗯，下一个呢？,1
11686,哪个仨零啊？,1
11688,嗯，那个就是一天了呗。,0
11700,睡不着。,0
11701,嗯，又一百分之二十五啊，这个我们就不管了这个我们还没有学到这儿啊。,0
11724,对化成分数就是十分之六了，可以吗？,1
11738,嗯零点零了，里面是。表示，先分之吧。,0
11750,嗯，这个呢？怎么写那个？嗯，我也不知道了呢？,1
11756,六个零点零一组成这个数写做什么读过了什么？呃，有我的妈呀。,1
11757,先看这个数怎么写吧。,0
11760,嗯嗯零点，绿色是不是。,1
11771,写的这个数，下面就可以我这么说，可不可以理解。,1
11772,可以差不多应该行可以了呀。,0
11776,好六个零点零一六应该是在哪里？,1
11780,啊，其他位置添零，那是不是个位和十位都应该添零啊。,1
11787,到底几个零。,1
11791,得不对吗？,1
11792,认真再认真的人，我们看啊。,0
11794,嗯，不行的，那么多零啊。,0
11798,两个十二是不是写在这里？,1
11802,六个零点零一这个六是不是应该在百分位上？,1
11806,零零补上小数点，它是不是这个数啊？,1
11827,八个零点零零一啊，然后其他数位是零。,0
11831,好，你说，这个数是多少？,1
11833,都是，不是我挑剔哈，我跟它们都连比赛，我真看不懂。,0
11844,其他数位是零这个数是多少？,1
11847,我应该写我零零是吧。,1
11850,不是啊，你还是没理解我的意思啊，你有没有看到这个数位表老师写的。,1
11864,那你就对准了你，你就把它对准了五个百是不应该写在百位上啊。,1
11866,好一个一一学的哪位上？,1
11869,好九个零点一九应该写在哪个位上？,1
11881,好，这应该写在哪一位上？,1
11895,这是不是零点零零一啊？,1
11901,看明白了吗？,1
11921,嗯，怎么啦。,1
11933,应该选哪个气？,1
11941,那你看这个可不可以完成。,1
11968,嗯，就这样。就能嗯果实白天鹅。狠狠才能给我先不写了啊，先看起来了。,0
11980,这个为什么是两个零？,1
11983,哎，不要看错，所以说应该是多少？,1
11990,怎么多这个数？,1
12001,啊，什么叫精确到分呢，就是你一定要把它写在。,1
12007,写成用元做单位应该是多少？,1
12012,应该是九十二点五零远啊。,0
12016,百分位对不对？,1
12020,这是角，这是分那精确到分的划分，如果没有的话，哪里，我们去代替就可以了。,1
12026,嗯，这个是分的是。,0
12033,它等于多少元呢？,1
12061,啊，那最后一遍呢？,1
12064,呃精确到分应该是多少呢？,1
12068,什么啊，,1
12073,还有什么呀。,1
12076,分是不是在百分位上这个能不能懂。,1
12086,啊，其实还是不会变的，把小数点未知点好。,0
12119,正确啊，这没有问题啊。,0
12121,好那好，我们再来看最后最后练练几道题啊。,0
12124,老师出简单了呗。,0
12130,五分米等于多少米？,1
12133,我分米等于多少米五十米等于。阴影我零点五米。,1
12137,啊，它跟元角分的，那你是不是一样的？,1
12145,六厘米等于多少米呢？,1
12147,是零点六米吗？,1
12162,啊，卡住了吗？,1
12167,啊，不要说一米等于一百厘米了，那一厘米可能等于零点零一米了。,0
12183,我相信通过一段时间的学习和训练，我们会变的。,0
12197,那都是往上飞到了它会不会好。,1
12206,能听见声音吗？,1
12208,能来咱们准备上课，刚才吃的什么好吃的呀？,1
12211,这样子啊，又啊，这吃的可是挺提前了，突然想吃粽子了，粽子是什么阶级的，知道吗？,1
12217,嗯光吃了啊那这个什么既然是啊。,1
12221,五月初五端午节呃，那为什么在端午节吃粽子呀，知道吗？,1
12224,啊，为了纪念有一个人物，他叫什么名字呢？,1
12229,好最后啊，就投江了嗯，那么它投江以后啊，人们惋惜它嗯，就决定在他投江的那一天吃粽子来纪念他。,0
12248,嗯，你们那个仿写作业要求你们写了吗？,1
12250,呃，你会写吗？,1
12252,会写咱们之前练过的对吧。,1
12265,谁和谁在疼？,1
12291,兔子跑的慢还是我给跑的慢呢？,1
12294,哎，可是最后谁赢了呢？,1
12297,呃，为什么乌龟回应啊？,1
12298,因为兔子在树上睡觉乌龟一直在跑一直吗？,1
12301,嗯，好那老师想问你温什么兔子在树状着睡觉啊，因为他觉得他自己一定。,1
12312,唉兔子太怎么样啊？,1
12321,那么这个故事，它其实就是来源于，我们叫什么故事啊？,1
12323,你叫什么。,1
12324,这个字念什么。,1
12328,哎，寓言故事嗯寓言故事这个呢，也会在你能后期第六单元学到呃寓言故事。,0
12329,好什么叫寓言故事来看一看。,1
12336,嗯语言是什么意思？,1
12349,深刻的按道理就是说什么是缘故是就是通过一个生动的故事，告诉我们一个。,1
12363,不知道啊，来看到这幅图都有什么？,1
12376,那老师想问你蛇到底有没有讲啊。,1
12378,哎，没有啊，好那到底是什么故事呢，我们一起来看一看。,1
12379,好那故事的原文就在这里贝贝，你来读一读吧。,0
12418,人为他话讲，它还没有把角画完一个人的蛇画好了，抢过他的就不说。,1
12446,准备好了吗，,1
12466,嗯，这个怎么了？,1
12484,好这时候，我们的原文故事啊，所以口气啊好了，那问题来了这个寓言故事告诉我们，什么道理呢？,1
12493,这里是谁做错了？,1
12501,哦，长裤子也说几十画角的人对吗？,1
12503,嗯，他为什么做错了它有没有应该几十画角啊。,1
12512,就是你它的这样做对不对呀。,1
12520,好，所以说，这个圆告诉我们的道理是什么呢？呃来你来读一读。,1
12536,故事的什么。,1
12546,老了，会不和？,1
12551,只要本来没有脚先画成首的人却叫吗？,1
12567,不呢，你比如说举个例子啊，比如说我们写作文啊，我们写作文嗯，有题目对不对？,1
12572,写好证完了，写好结尾了，这是不是都是正常的？,1
12579,不可以，这是不是就是多此一举呀？,1
12582,你这个开头写的再精彩，但是也是不对的，对吧啊，所以说。,1
12583,这个故事，它的名字叫什么呢？知道吗？,1
12601,我们再来看第二幅图，这个故事讲的是什么来看看。,1
12616,亡羊补牢喂什布满什么意思。,1
12620,哎，不完就是这个意思能理解了吗？亡羊补牢为什不完啊，也就是说你做错事情了啊，什么时候感都不晚啊。,1
12632,什么要认真吸取教训？,1
12652,宝贝手放平扳手放置桌面上不要再动了啊，犯了错来。,1
12682,呃，这里边这个字念什么？,1
12705,看得到吗。,1
12706,看得到吗。,1
12709,就会字都看的清了。,1
12717,我们哪里呢，无法。,1
12723,知错能改上什么？,1
12726,但燕也就是说，如果你犯错误了什么时候改都。,1
12736,褒扬不牢的到底是什么，那跟加的是说一遍。,1
12739,无论什么时候犯错，只要及时改正都不。,1
12755,籽儿呢，,0
12766,对吧还是不对呢？,1
12768,哎，是不完的好没有问题啊。,1
12790,嗯好你能告诉老师，为什么C不对吗？,1
12795,呃语语言的主人公必须是类是吗？,1
12805,第二题寓言都有哪些手法呢？,1
12811,嗯比喻句还有拟人句。那还有一个是什么？我们来看比喻拟人的。,1
12823,嗯夸张学了吗？,1
12825,呃从上吃上长了就想着听着。,0
12831,写什么呀。,1
12842,啊，这个成语故事叫什么呀？,1
12850,还有什么做啊？,1
12852,是不是。,1
12864,它一啊，它眼睛看到的天空是大的小的。,1
12867,啊，小的那鸟儿了，鸟儿看到的天空是大的，还是小呢？,1
12874,啊，不要做目光短浅的什么叫目光短浅，就是他看到的只有巴掌大的天空啊，并不能看到全部。,1
12876,那世界上最早的寓意N极是什么这个你应该知道吧。,1
12881,好这个加起来讲啊，这个来做一个记忆啊，叫什么来看看。,1
12896,唉回答正确真棒看来，刚才贝贝听的很认真啊。,0
12898,好了揠苗助长告诉我们的道理是什么？,1
12901,这个故事听过吗？,1
12904,没有好了，老师简单的来讲啊，讲的是什么故事呢，讲的说啊，有一个农夫，他觉得自己家的禾苗长的特别。,1
12923,所以说，休息一会儿啊，它的题目叫什么？,1
12927,什么叫木头。,1
12929,什么叫木头。,1
12942,问你生长了哪里有狼木头。,1
12948,嗯，不错的样子。,0
12964,嗯，开始说了真话也没有人会相信。,0
12975,我敢来哪里有什么了。,1
13013,不然，故事讲了什么？,1
13014,这则寓言讲了什么？,1
13015,讲了什么。,1
13016,嗯，这怎么讲了什么故事。,1
13022,讲了什么故事，那给我想呀，它说的什么样？,1
13036,嗯好不错，大概意思说出来了，能在简洁一点吗，再短一点再想想嗯，有什么可以去掉的浓度在间接一点。,1
13060,还有没有人来帮忙哎，也没有人相信他了，对吗？哎呦哎呦哎呦这俩。,1
13065,我一会儿课后回来，我们继续把这篇阅读完成好吗？,1
13168,你不是妈妈吃过了怎么要去死吧。,1
13178,C点就算了。,0
13193,哎，对了被怎么了吗？,1
13200,哦，对因为我后面我看我星期三的晚上课表都是空着的。,0
13203,嗯，还是星期三上。,0
13204,嗯，那个这里它这个排的都是以后都是星期六吧。,0
13206,呃，还自己吃饭，因为贝贝，它说，因为现在都是在家里上课吗，然后呢，你会说，就就想嗯，有时候可以出去玩一下啊，用。,1
13208,嗯然后等开学开学以后还是放到星期六对吗？,1
13218,我，我以为又给我怎么了呢？,1
13219,嗯，这条了一个月的嗯嗯嗯。行没关系，咱们调过来就行，因为我这边哈，我先孩子，他做。,0
13234,我下课，我跟他说吧，嗯。,0
13236,他跟那个什么更？,1
13244,现在都不到怎么符号？,1
13248,都不知道怎么时候上课啊。,1
13251,对呀，现在就一天就这样割，哎呀，会那里作业做的。,0
13255,它好像是蛇的那个好，他跟你做错了吗，对吧。,1
13272,然后就是作文还可以写的，好像有点反正它班主任呢，好像说作文写的老师都让他们修改一下变小了。,0
13287,来，对不对？,1
13288,哎哟，这都做完了，还吃的写哈，我也会不消化的。啊，来我们继续来学习，我们的寓言故事，那么在学习远故事老师想问贝贝啊，我们在高。,1
13292,那记得哪些。,1
13302,哎龟兔赛跑，对吗？,1
13312,为什么兔子会输掉比赛呀，因为它怎么样？,1
13315,哎，这个词叫什么？,1
13336,不能想啊，卒就是角的意思画蛇添足画蛇添足的意思是什么？,1
13344,啊，不要做多余的事情啊，好，这是我们的画蛇添足，还有什么寓言故事。,1
13357,告诉我们的道理是什么呀？,1
13360,哎知错就改什么时候都怎么样？,1
13363,什么时候改都不？,1
13367,好我们用不了啊还有一个成语故事呃运用公式是什么？,1
13373,第二苗助长还记得吗。,1
13378,哎，它怎么样啊？,1
13385,对加揠苗助长揠苗助长告诉我们的到底是什么？,1
13425,那就改还不啊。,1
13435,呃长得太慢，把它拿高一点第二天。,0
13440,哎告诉我们做事情不要急于求成就可以了啊好然后我们回过头来继续来做木头和了。,1
13467,嗯，他们穿好了。,0
13473,那么第一次，居民们听到兰姆达叫他们的感觉是怎样的。,1
13483,了，那第二次太高兴吗？,1
13485,啊，它怎么样用原文的词叫什么？,1
13486,框吗，,1
13490,但其实怎样他们还相信吗？,1
13491,哎，不想写啊，没有问题都找到了过了啊。,1
13499,这段是什么吗？,1
13500,安徒生是血液的吗？,1
13529,好回答正确。,0
13552,嗯光忙忙了吗。,1
13556,嗯，它俩是一个字吗？,1
13560,是这个吗。,1
13563,芒果的吗？这个？,1
13569,嗯光吃不吃过光极不知道哪个么了吗？,1
13572,好，那我可以怎么组词呢？,1
13577,来背吧，高丙你们都学了怎么还不知道的名字呢，继续。,1
13588,呃什么，,1
13589,那学校有没有学校让不让我们看一下啊，对不对？,1
13642,有唐僧知章碧玉妆成一树高万条垂下绿丝绦不知细叶谁裁出二月春风似剪刀。,0
13650,装是什么意思。,1
13653,你不是Y轴啊，是答案。,0
13655,诗的后两句是什么？,1
13671,哪句诗是来描写放风筝的？,1
13697,小草是什么呀哎呦我的二AO的哈。,1
13705,也花吗。,1
13708,好那阳极呢？,1
13716,拼命的呢。,0
13720,整个那掌握的不太好又不太理想啊，做错了小草是吐出那呀，嫩芽试探出到的。,1
13722,小溪叮叮咚咚也花开一朵两朵啊小草突出嫩芽嫩芽是探出头来啊好来看第二第二部分。,1
13740,哎，这回回答对了啊，没有问题。,1
13747,小溪像，,0
13752,你知道小溪的特点听力。,0
13754,嗯，什么。,1
13757,小溪的特点是什么它是一直在叮叮咚咚的跑一直都在旅游。,1
13765,哎读就是不是像小男孩是对的仿写仿写不对我之前让你去放。,1
13778,可不是吗，,1
13782,所以说，你放的时候要对应啊，小溪像什么？,1
13808,好，我来提示你到这里，你看看你的方写怎么算。,1
13817,怎么不难行路。,1
13822,三个什么样呢，,1
13827,叫什么淘气？是吗？,1
13828,好，可以啊，小溪像个淘气的男孩啊，这个是可以的答案。,0
13836,什么像什么。,1
13842,啊小草和硝酸一下小算像什么？,1
13857,呃，像像个吗？,1
13862,到底是什么。,1
13864,嗯，可爱的什么？,1
13867,你在笑什么呢？说出来呀，小化下课可爱的什么呀？,1
13877,小花像个可爱的嘛吧，可以吗？,1
13880,嗯，可以啊好对过了来第二题，这个得了啊。,0
13887,轻轻的什么？这节Y等于。,1
13888,那么我们会发现，哎后面并不是按照这个套路来走的啊，它这个是什么修辞比喻还是拟人。,1
13895,小河像，,0
13899,你是说要像吗？,1
13900,这是什么句。,1
13904,这句话是什么？这？,1
13906,拟人，我们要写什么字，宝贝？,1
13910,啊，我们要写拟人句，那么，所以说怎么办呢？小河怎么样？,1
13922,小的怎么样。,1
13926,啊，笑是吗？嗯好嘞好嘞，那贾老师没听清哈项和怎么样的效果？,1
13932,九曲是吗，,1
13933,好没有问题合格过关的第四个河里的鱼儿怎么样？,1
13940,怎么样。,1
13942,怎么样的跳动的可能是怎么样的啊？,1
13949,河里的鱼儿开心的遥知为八开心的摇中可以把这个的是哪个歌？,1
13951,唉，提土的摇这为八是动词啊，非常好回答正确。,1
13953,呃仿写复习到这里啊。,0
13955,我们来看，下一个下一个呢，是考察的是有关我们相近词语，赶紧的近义词是。,0
13965,近义词和反义词我问的是。,1
13971,考记出来考反义词呢？,1
13974,那看见的近义词是什么？,1
13980,这一次掌握的不好啊。,0
14021,嗯，不过呢。,0
14042,怎么。,1
14043,值域上啊。,0
14059,这样讲的近义词是。,0
14065,看看这次考的是修辞还是考的是趋势啊，他回家后打开包裹看见一堆小颗粒狼那打开什么看看见什么。,1
14067,哎，看到这里有什么一堆小颗粒啊。,1
14069,看清的什么呢？,1
14077,这是谁家门前种的花真美。,1
14079,好，这是谁在我在山上真错啊。,1
14081,然后再换一个吗？,1
14091,你说的是你真倒霉啊，什么？,1
14092,好那老师想问了，那你说的这几个字，你会写吗？,1
14094,那我们也会写吗？,1
14096,不会写，所以说怎么怎么办呢，所以说，这些题型，我们在。,1
14098,写的字的句子啊。,0
14101,砖块好多动画里的问题呀。,0
14102,真怎么样啊。,1
14121,这里的什么。,1
14126,这里的花这里的花多么的。,1
14149,啊漂在良好可以过了啊来看ABAB的休息休息。,0
14168,哎分析分析我可以过了啊我们来说下一个ABB式的。,0
14192,二斤闪闪可以啊，没有问题，过关了很不错啊。,0
14199,来代进来复习好吗？好今天的课后作业的呃过后，我会发到群里啊，好吗？孩子？,1
14201,OK好那今天的内容，我们就先到这里结束八八对不对。,1
14222,哎呀，对不对？,1
14226,对不对好了吗？,1
14230,我写半径吗？,1
14235,圆的半径一定半径一定周长和雨。,0
14258,这么搞混都没有只能到。,0
14267,对吧，这种或者什么？,1
14285,咱们的实际的来怎么？,1
14291,哦，不怎么问你，你为什么？,1
14298,哦，用成正比明白吧，好，那你告诉老师怎么成正比例，它能写成什么样的式子。,1
14308,哦CD等于。二派R对吧。,1
14317,然后派分之C等于什么哦，非常好能写成除法是吧，这边还是一个定值，那你再来帮我背一背，你刚才说的正比例的定义一个量怎么样？,1
14347,哦，不可以这样说，我就说这两个那样写成比例形式就是写成除法形式的这两个量都是变量是这样的吧。,1
14352,它俩是吧。,1
14367,四点六吗，这个C四边点，我了明白了这个不太那什么也没有吗？,1
14374,哦，不是所以说特殊的经常出现问题的地方就在这儿。,1
14382,圆的半径一定周长和圆周率是否成正比例圆周率，它是一个常数。,0
14391,是一个定值，对吧，所以它不能和其它的数吗，互相组合起来乘以BD。,1
14402,你看这个题做错在哪里了吧。,1
14412,还好做过来了，好像你是不是带着耳机的？,1
14425,需要记一记吗？,1
14429,不是呀，那咱们就到啊，下一个知识点了啊，来看一看，今天要学习的。,1
14462,把它不用这种方法，这种它规定的正比例或者反比，你的方法好这些正比例和反比例的方法啊的应用题常常是铜分数应用题百分数应用题或者形成工程问题交。,1
14469,怎么样。,1
14480,你拿出来的面长度应该怎么样呀？,1
14490,哦与藏那这一个是怎么样一个关系式嘞，能不能。,1
14511,咱们细和粗糙可以用它的横截面积来表示S和长度H体积这个体积不变它。,1
14541,越长，是不是在呢？,1
14547,好越除越短越细越长，那你看他们写成什么样的形式呀？,1
14558,什么正正比例方法解呀，如果。不成正比例，咱们平时的方法是怎么解答它的呀？,1
14584,这是一个什么题型呀？,1
14598,就我刚才题意相关的，那你能懂了。,0
14620,XY等于KK怎么样啊？,1
14634,等于多少，,1
14671,哦，可以提前十天算出来了，你是怎么算的呀？,1
14678,你能告诉老师，你是怎么算的吗？,1
14734,那现在又会怎么办？,1
14761,和咱们正比例的呀，你要判断它从正比例还是反比例，你需要给它进行变形。,1
14763,三十四屁话的二十是什么来着你做老师有点小一吗？,1
14768,这里多二十是什么？,1
14771,怎么呢，,1
14776,这段二十是什么？你看一看。,1
14777,刚才又卡了吗？月月？,1
14791,是不是应该是二十？,1
14794,哎能不能写成反比例的形式。,1
14811,可以来你怎么变形的呀，你是怎么做的？,1
14818,正比例咱们一定要是。,0
14820,你怎么做的呀？,1
14827,是不是AB左右两边同时乘以六呀？,1
14830,好像不怎么对应好，这是算出方法。,1
14840,应该怎么解决呀？,1
14842,是不是这样，好，那它就可以写成三厘米，那B嘞。,1
14844,看一看，应该怎么解决这个问题。,1
14854,C，如果它使用的话，那B错在哪里呀？,1
14871,怎么解决呀。缝比例知识点解决，那肯定是。,1
14874,除以哦好那你能不能把A和B呃写在一起之后的式子能不能告诉我。,1
14902,它属于哪一类型题？,1
14911,收录对汽化受什么什么什么色素不属于。,1
14922,是不属于。,1
14927,工程问题的公式是什么呀？,1
14940,B写成什么形式？,1
14950,等于什么，,1
14974,公式什么，,1
14977,也就是工作时间吗？,1
14978,写成什么形式。,1
14982,是不是应该A乘以B等于B乘以六分之一对吧？,1
15002,是不是只能写又要求时间时间这个必须大在这个式子里面是不是咱们只能写。,1
15003,是不是这样的啊？,1
15015,你看是不是这样呢？,1
15017,对吧A和B就变到同一边呢它们写成了什么的形式呀。,1
15023,写成了什么的形式？,1
15033,哦，好写成了三个形式，也就是咱们除法的形式，那它们成什么比例呀？,1
15035,非常棒，然后怎么列？,1
15058,怎么列呀。,1
15067,好像在和什么你六还有什么别这样做啊。,1
15077,它们是反比，你还要知道吧。,1
15081,CD到底成什么比例成不成比例，你来帮助我们判断一下C，它为什么错了呀？为什么不成反比例呀？,1
15126,怎么呀，,1
15128,怎么念的呀？,1
15129,是不是等于。,1
15134,那又可以写成什么样的形式？,1
15135,两边是怎么样的？,1
15148,B等于A是吧？,1
15156,那我把它写在同一边不就A负一B等于一了吗是不是等于一？,1
15184,嗯，你来干什么？呢。,1
15190,现在我们就稍微有点什么表情。,1
15193,那每天是不是有这么多？,1
15195,有点哪了呀？,1
15203,这是什么速度呀？,1
15212,三千七百五十既然七百五是吧，是不是这样吗？,1
15216,然后嘞等于什么等于咋办呢？,1
15217,你好像又与今天的摄像头有点往下，靠怎么看的清。,1
15221,力啊，除以工作效率工作总量除以工作时间工作时间是什么？,1
15223,只能看到你这两边是不是带了两个什么加。,1
15231,好来第一，它是怎么厘米好特别卡在哪个先把加？,1
15249,可不可以这样嘞。,1
15259,也可以这个加这一个力吧，可不可以。,1
15263,什么问题，,1
15267,当然，你也可以算呀，加这样哎，你只是稍微难一点是吧。,0
15272,能写在同一边吗？,1
15274,三种溶液吗，都是可以的，你看这个题，这里你，你是不是写成正比例啊？,1
15284,左右两边都是除法吧。,0
15290,是不都是除法啊哦出发。,1
15295,这边也是除法任意选都是除法，那既然是除法，你看他们又怎么样。,1
15305,证明的就是做的，那你的另一种吧。,0
15323,看不到其他东西还看到你的头顶。,1
15334,小明家的客厅长六米宽四米哪现在怎么样泼什么铺地砖了。,1
15370,不知道了吗？,1
15382,嗯，对不对？,1
15385,什么错误，,1
15392,有思路了吗，可以给老师讲讲吗？,1
15395,他们不直不疑。,0
15396,嗯，对不对？,1
15398,哦，它们的比值不一定呀哦比值不一定就是不是能成。,1
15425,那比值不一定它们的中心是否一定嘞。,1
15437,你是怎么做的？,1
15450,哦乘反米你能写出它们的关系式吗，就是关于地砖数量和每块这一段的面积，它们的关系式它们乘起来等于什么呀？,1
15454,不着急啊，慢慢来。,0
15457,正比例也就是写成除法。,0
15465,然后再给它让你表达了什么样子啊，对吧。,1
15475,四等于两千四百是一个定值，而刚好这一段两千四百，你看一下。,1
15484,这是厘米两千四百的是就是啥呢？,1
15521,好来，咱们来看看这里判断一下这里，咱们今天的内容是吧，正比例反比例前一个小时。,1
15547,怎么做呀。,1
15555,商乘以除数等于被除数是被除数，你一定能所以成反比例关系。,0
15571,哦，不成比例非常入手啊，第三个的越怎么做嘞？,1
15582,有没有一点小思路了？,1
15606,哦，你现在是要告诉我，你怎么做来。,1
15611,这个是求的，什么呀？,1
15625,是实际还是这句话呀。,1
15635,它要等于什么吗？,1
15647,好什么是给他们是写成乘积的形式并且它们的值呀是一个定值。,1
15667,不成比例，为什么不成比例呀，我说，因为这个原子。,1
15670,它已经是一个定值啊，它是一个常数。,0
15676,三的所有正比例反比例都应该是变化造成的呀。,1
15696,二乘五啊二乘五等于十你看二和五它们是确定呢还是边化的的。,1
15697,好，它等于什么？,1
15719,会看到什么。,1
15721,然后这样计算是不是就以这样的速度呀？,1
15723,对应的数它们所对应的数乘积一定你看你是变化成了明白吗？,1
15730,对吧好，你看这样的速度。,1
15746,照这样的速度，你看一下啊。,0
15758,哎好说，完全增是不是还是这样的速度呀？,1
15761,全称对应的时间应该是什么？,1
15771,这个时间应该是什么呀？,1
15773,来第一题第二题，我看懂吗第三题，你得给我讲一讲啊第三题，它错在哪里呢？,1
15780,实际上是什么。,1
15787,怎么速度乘以时间等于路程，他的路程和一。,1
15793,路程不一定小麦从学校走到家这个路程应该是什么。,1
15820,总的时间应该是什么呀？,1
15831,是固定的，还是不固定的。,1
15835,来，这个方程，你能不能理解吗？,1
15836,哎呀好这里做什么题型啊？,1
15877,好那这个题，你的是正确还是错呀。,1
15889,三角形的面积依琳你把它的底。,0
15894,能关系式写出来看能不能写出来，如果能写出来，你帮老师写出。,1
15898,底乘以高除以二等于三角形的面积。,0
15920,那么你写成另一边，你把它写出来的告诉我是不是什么？咱们把它写在上面，然后来分析。,1
15933,底乘以高等于三角形面积除以二。,0
15941,底乘以高等于三角形的面积怎？,1
15945,我算出来了，你算出来是多少？,1
15949,哎，非常棒，三角形的面积乘以二就二S对吧，现在底和高放在一边了，三角形。,1
15958,有点不太合理。呀好吧你算出来是多少呢。,1
15960,积是怎么样呢，,1
15964,那这个二S一定吗？,1
15971,这个好那这道题能不能正反比例呀？,1
15973,没关系，你说哪错了，咱们讨论一下吧，对吧。,1
15992,这只可能是一个数是吧。,1
15993,有点大是吧，那这样吧，你告诉我，你是怎么算的，我来帮你验证。,1
15999,你怎么算的呀？,1
16009,它也可能是静止第三正值可能是题目中已知的。,1
16024,可以推断出路程一定。,0
16034,什么叫任意组和可能生态去乘以一个数。也可能是派去乘以题目中已知的定值。,1
16046,把括号去掉是这个意思吗，给我好像有一点点发现。,1
16056,这样吗，减X吗？,1
16062,为什么这样做呀，能给我讲讲吗？为什么要把括号去掉，还要把加变成。,1
16079,括号里面就会变好，是不这个意思。,1
16119,定值定值啊可以是这三种中的任意一种。,0
16140,来，咱们接着讲上一个咱们再怎么做啊，到时候。,1
16147,现在怎么学了正比例和反比例啊，来看一看，正比例和反比例之间。,1
16156,前面咱们学了正比例，它的定义是什么？你还能帮我背。,1
16170,这明明的定义是什么？,1
16174,是不这个意思。,1
16180,哦第一种么变化那意思。,1
16190,等于二十五加X。,0
16212,好，但是不了懂了吗？除号前面的不能把括号。,1
16225,如果你系统的来解答要怎么办啊看好。,1
16254,是不这样的。,1
16265,是不是变化关系不一样。,1
16291,一样的道理吧。非常简单X就算出来了还是三十。,1
16329,这里面好像给你说，我好像觉得解方程这一个是不是？,1
16339,平时解方程怎么样啊？,1
16341,数就等于二十分钟啊。,0
16345,还是用可能稍微难一点点是不是？,1
6,衣服。,0
11,猪。,0
13,一。,0
14,叫做机工。,0
15,嗯，它看见了嗯。,0
16,啊。,0
17,嗯第一功。,0
18,啊，干猪。,0
19,你给我来讲一讲吗？,1
23,一共珍珠，,0
25,间就是有一天。一。,0
26,有一只公鸡特和一只鸭子。,0
27,啊。,0
29,牛和公鸡走稻草嗯，看见了珍珠，然后他就想，如果被五名的，你看你给我能看见了他。,0
31,那么它，,0
32,我拿这个有什么用，我还去吃我最。,1
33,跑。,0
37,那。,0
38,放在眼里。,0
40,死了，,0
42,对比。,0
43,你看，,0
44,什么。,1
49,自己喜欢的。,0
50,对自己喜欢的才是最有用的，才是最有价值的，也是做一个好的嗯。,0
53,比如说这样的词语叫做。,0
54,天。,0
55,嗯哼，,0
56,加什么，,1
57,花木兰。,0
59,甲灿烂，,0
61,叫灿烂，,0
62,还记得原句吗，说一支公斤呢，在乱套中旬时的时候呀呼和明珠是五棵树光芒。,1
64,把它藏起来。,0
66,这个说，叫做。,0
68,光芒。,0
70,对是光芒光芒产物啊，好那这是我们上节课说过的一个词语，现在呢，我再来说，一个看看你是不是还有一首。,0
72,比如我写一个字，叫作。,0
73,嗯，这个字。,0
74,把它说同种移逆速。,0
75,秋收冬藏。,0
78,上课。,0
80,嗯，那我们现在就带来记一遍啊，第一公鸡还有我们上节课，其实一共远了四个字啊，一个是叫做。,0
82,七。,0
88,还有一个是。,0
93,狗。,0
94,嗯工作的变的本来就会了。,0
98,嗯，还有这个。,0
100,还有。,0
103,这个。,0
107,第一宫站着的针。,0
110,对呀，,0
112,站着的天一株都要然后骑不了了一起本来就是。,0
113,基本来就会那郑州现在这两个之间会了吧。,0
115,会。,0
116,嗯，先把周啊，这个是碳光芒。,0
118,灿烂夜幕就是说它发出来的那个功呀让你研究呢哎呀恒定好量呀都把我给你研究弄的很少的那种感觉啊。,0
119,好的，那我们上节课的故事先说到这里接下来呀，咱们今天重点来学习一个看图写话的内容。,0
120,嗯，我们来学习一个看图写话的内容，那这个内容呢？,1
122,可以发挥你的想象力哦，比如说你看一看这幅图看到什么了。,1
123,一只土，,0
124,一天一片苦。,0
125,对。,0
126,两个东西，,0
128,没有东西，,0
130,你看，要不然，这样子啊，你，你看妈妈帮你，然后退出去再记一下，应该就好了。,0
132,一个这样子，腿。,0
133,嗯，这样子拼。,0
135,龟给弄。,0
136,你应该没有退出去。,0
137,有那么也没有为二有一点。,0
139,懂了吧。,1
142,听到了一个小胖脸。,0
143,一个。,0
144,一个小朋友还剩两个小朋友呢？,1
145,特别嗯，,0
146,养鱼。,0
148,钓鱼呀，,0
154,更加蝌蚪，,0
157,哼。,0
158,他们在这里抓蝌蚪，那你可以可以给他们安排一个时间。,0
159,早上。,0
161,早上。,0
162,小明和。,0
163,小明和小白一进一。,0
164,去河边抓蝌蚪。,0
165,呵呵。,0
168,白天天气很好。,0
170,哦，加上天气了，可以嗯，加上写相距的词语，特别棒。,0
171,小明和小白。,0
172,一起去喝。,0
173,一起去喝水。,0
176,脸。,0
177,抓蝌蚪，,0
179,要白坐着。,0
180,看到，一趴着抓颗的。,0
181,你猜一猜，如果能查到的话呢，我们就可以给它加上一个它们抓牢。,0
182,早上阳光灿烂，,0
184,一和小蚂蚁去河里抓蝌蚪小白兔就看一啊着。,0
187,抓蝌蚪，,0
190,我一一个蝌蚪时候没有它们可以一踢的回去了。,0
193,回到家以后，它们把这件事情告诉了妈妈第二天。,0
197,爸爸带着。,0
202,他们两个八颗的。,0
204,嗯，结果还是没有抓到。,0
206,然后它们又回到了家，一个妈妈嗯第三天。,0
207,六个人一起去抓蝌蚪。,0
208,可是还是没有抓到。,0
209,有一天，,0
211,嗯好来看来呀，想上面还是非常丰富的，都给它有两个又往后出现了很多的内容啊。,0
218,我觉得。,0
219,嗯，我感觉你今天说话反应有一点点。,0
220,好像有点不舒服。,0
222,那咱们现在呢，再来看看这幅图啊，刚刚说的特别好，那你看看这幅图上是看到什么了呀？,1
223,蛋糕和。,0
224,有一。,0
225,天早上，,0
226,小伙伴们一起去公里呢，你拔河。,0
227,他们。,0
228,这什么叶叶叶叶？,0
229,他们更起劲的把拔呀拔呀拔呀拔呀。,0
231,把瓶子都拔断了。,0
233,结果呢，到了自己头，它们疼的，因为。,0
242,渴死了头上还长了一个大抱抱。,0
243,不要。,0
245,他们又回到家跟妈妈说，妈妈，我头上又怕妈妈说，我敢你们拔河吧，这么题，你干什么？,1
246,要然后我又可以回去晚上梦见。,0
247,晚上梦见自己。,0
249,自己拔河一个，然后第二天早上又就帮结果。,0
252,来学了啊，可以先填一下来，让力派浓厚了，你的重点全部都把它想你想一想，你好了。,0
253,那你想一想啊，在拔河的时候。,0
256,第一拔河的时候，如果是去公园，那这几个它们这这几个人物之间，它们是什么关系呀，是一个小青里边的小朋友呢，还是一个班的同学或者是两个班的同学。,0
258,当作是裁判。,0
261,它是不是突然之间来的这么一个人或者几遍件事突然间来的啊，就让你说的在公园里边，它们就是这么，这是它的话，很少，但是把绳子都给拔段来说明它的绳的时候，它不接谁？,1
262,哦。,0
264,嗯，要合理想象好了，那这张图片呢，我们可以看一下，下面的这些内容，你看一下你刚刚说到的跟我们这里有什么区别呢？,1
265,那么。,0
266,摩拳擦掌还不如全大脚印。,0
268,全答决定，那是在打架很好往前发展就是哎呀，某一摩擦力，它是不要做一做这个生意运动呀。,1
270,摸人家这摸牙齿，我守规矩。,0
274,那叫膜呀，这叫魔取不是什么呀的那也就是说在拔河运动开始之前，运动员慢呢，下去做一做热生运动的。,0
279,做。,0
282,所以你要想一想，哎，那如果你要写参加过拔河比赛的话呢，应该就比较熟悉了，是不是？,1
286,那就是，,0
288,那就在拔河之前有一个肚皮。,0
289,那好。,0
290,哦和之既然再跳一个读题五也可以因为我删了那我们一般答全的十二拔河之前上学的时候呀可能是容易有手腕原意饶。,0
291,角O啊。,0
293,或者是把谁带你来练一练是不是然后深山哥哥打拉腿。,0
294,突然一突然之间一匹天没有了。,0
295,我发现你喜欢你给它编一些你以外的东西哈，我们来按照正常情况下进行，那么，它们的这个答案初始的热生成运动做完了，接下来。,0
296,那裁判女生。,0
300,A。,0
302,外形。,0
305,开饭一天天讲。,0
310,然后打个项目棒棒。,0
312,嗯裁判那一般会出一个上住。,0
314,当他用的了。,0
315,错误的啊。,0
317,哎，把枪的那种呢，也有嗯把它们也有不会把它合并之后呢，咱们用这个拔河的时候，身上比较可以了。,0
318,如果是黄鼠狼就会帮你怎么？,1
320,想的有点太远了啊，我们来到课堂上根据这一张图片来往下说，先把这一张图片上的内容说清楚，然后呢，再去想了一些图片沙漠要长。,0
321,嗯嗯，,0
326,那么。,0
328,所以说，那当裁判错了，上升之后，运动员吧，是不就发生了。,1
330,我看出来是一系列。,0
332,要。,0
335,啊，你看这上面的这些吧，你看啊，咱们可以。,0
337,或者说是那么对的，这两边呢，是参赛选手是运动员。,0
339,在它的拉拉队的工具。,0
341,所以呢哎你看两遍他的队员慢呢是在暑假的用力的网络拔了你看看考上灯冒出来看P过烷烃乙车哦手猫是开始是这样的网好了旁边在这儿。,0
344,它为什么有一个小朋友？,1
345,西瓜。,0
346,啊，我现在呢，要把你画到了这些都要擦掉了哦。,0
347,嗯，我擦掉了啊。,0
350,减是将。,0
351,时间地点人物脸一一个问题。,0
352,这个时间就是在晚上十八点二十分。,0
356,比如说，咱们现在在上课了，那这个时间就是在。,0
359,对呀，你看的啥啥时间来了，所以说时间就是指当时哎，这件事情发生的时间，那B点当然也是这件事情发生的时间了，我现在我加你在。,0
360,里。,0
363,你家。,0
364,对吧我加我加你在你家人物当然就是我给你了，当然还有妈妈有那么会过来，有时候会过来帮助你。,0
366,衣服的墙壁上。,0
367,因为付的钱秘籍哈，首先为什么一定要目前来上课呢？,1
371,因为这是小人。,0
372,因为你们不是求圆发给你们内部的题分析，就可以上了是吧。,0
373,好的那这是你的原因，那经过呢八呀，你就是。,0
374,更。,0
375,结果呢，结果爸爸爸爸两一。,0
378,被。,0
379,结果，那你身边。,0
381,表。,0
382,我们刚刚复习了之后，你是不是就把碳字跟数字要用什么啊？,1
384,对吧正确的是这件事情的结果啊。,0
386,好，那咱们再来找找。,0
388,都写到，那我们来看看这一张图片，嗯，这张图片你试着根据我们这里答题是先用一句话，把它说出来好吗？,0
389,嗯，我知道了。,1
390,有一天，妈妈。,0
393,妈妈心情特别好，他坐在沙子。,0
394,是在，,0
395,那么想法，,0
397,我说的小宝贝小宝贝采了一只。,0
399,写字。,0
400,哦，我知道你说的这个是小宝贝，这个什么，因为他们穿的衣服呢，是一样的。,0
401,嗯，氢核的装饰吧，所以就可以判断出它们的关系来了。,0
403,看看它可能是这张图片上，你看的不是很清楚啊。,0
406,哦，原来跟蚌。,0
409,一个人跑去。,0
411,应该是打妈妈。,0
412,因为他这个就可以证到妈妈的脚了呀。,0
414,你选的哈。,0
416,你看啊，根据这张图片的整体内容，你来想一想，那想法背是在妈妈寻找更合理呢，还是不太敢妈妈刚刚反例啊。,0
417,把妈妈妈妈不可能笑。,0
419,洗脚。,0
424,妈妈说什么妈妈可是有点奇怪。,0
426,对呀，所以这件事情就是写角嗯。,0
431,猪妈妈有点奇怪，胳膊。,0
433,是。,0
434,妈妈太奇怪了，没有一只喝。,0
436,没有一根汗毛。,0
437,没有一棵什么。,1
440,啊。,0
443,那我们图片上画出来的嗯，首先上画出来了，所以它就是这样的都。,0
444,这里没有毛的乙给了。,0
446,哦，你是说，这里还没有毛巾，那有可能是我们图片上呢，它是在这，下别放着，所以没有看到或者你就可以想一想啊小宝贝呢，是第一次给妈妈写角，所以它没有茎叶。,0
458,因为。,0
459,我要大了一点。,0
461,要。,0
462,哦。,0
464,夏天。,0
465,想象力很细腻啊，很近，你如果现在试下。,0
470,他们。,0
472,如果温度太高了，然后的话，你在夏天还会冒气的话，那会不会把它交给胖的受不了呀。,1
474,就放到矽胶头上，然后唉呀，唉嗯。,0
477,会。,0
478,哎，把你的脚发现很高级，那我们就按照这里边就是普通式的，怕讲好不好。,1
481,好。,0
482,妈妈下，,0
483,女儿。,0
487,客厅。,0
493,一点儿。,0
494,嗯转洗脚好那现在我们来。,0
495,妈妈下班，,0
498,宝。,0
499,对吧，,1
500,和。,0
504,好。,0
505,他的妈妈的孙子哦不对他的妈妈的孙女给他。,0
507,那么下班，然后呢？,1
508,一脚。,0
509,七条水很烫很。,0
511,在里面，,0
513,我，我就是妈妈的妈妈的婚礼。,0
514,嗯，我们就按照妈妈和女儿的关系来说，一说，妈妈下班以后呢，怎么样呀？,1
516,这个人，,0
519,那就是我。当一个。,0
520,OK。,0
522,那么明天，,0
523,哎，好，那就是你。,0
527,撞撞到可以。,0
534,你加上吧，那么下班以后回家了，然后那么上了一天的班快。,0
536,个子上，,0
540,被早上妈妈说，哇一天好。,0
541,今天好冷啊，我好想好想抱着，然后我就拿了一跤走。,0
543,放了水给妈妈。,0
544,靠近。,0
545,洗澡。,0
550,一起又想起了一个小时，一个啊，细节化。,0
551,嗯，这个不错。,0
560,就给妈妈怕讲。,0
563,再去上学了。,0
568,我就不好。,0
572,一起就写了一个小时，你看时间完了，你刚才写的话。,0
574,那他妈妈，你是说了，你跟妈妈之间，我们现在呢，就来说说这张图片上的啊，我们来首先呢，要来找一找图片上的内容可以给他抓一些要素。,0
575,那刚刚呢，已经是把这几道给他抓到了。,0
576,那我们再来看一下细节八细节呢，我们要从环境的这一方面来看看。,0
582,嗯细节比如说呢，我们看看它们是在教你那家里的客厅里是什么样的环境呢，都有哪些景物呢，这些景物又是什么样的？,1
584,这点呢，,1
587,嗯，这个是我们等一下要观察的，比如我现在来举个例子，你可以稍稍你兰家的环境吗，你们家现在让你学习的这个地方。,0
588,还好。,0
589,桌子。,0
592,个猪，,0
596,书。,0
598,嗯桌子，,0
602,课桌。,0
605,灯泡的二的拓展哭。,0
607,嗯柜子好，那我们先说这几个啊。,0
608,好，那我们先来说说，你的桌子比如说桌子，它是什么颜色的呢？,1
609,我想问了。,0
611,五彩斑斓的话你做的还是个性也很好嗯那你看所以A九目就是桌子然后它的特点就是我五彩斑斓是不是呀？,1
615,还有一个题。,0
619,如果是很欢喜。,0
627,哎。,0
628,他会帮我们。,0
629,我们煮着。,0
630,哦，这都会帮你主菜。,0
634,这个就是我们的想笑了啊，那现在除了要观察环境呢，我们还要来观察一下动作。,0
635,哇。,0
636,啊。,0
639,妈妈跳着唉一顿看的时候悠闲的抽着香烟。,0
640,那咱们现在啊。,0
641,好的，,0
642,哎有有这东西你想象到的呀我们要看图片上的哦因为我们是看满足写话嗯从。,0
643,这个是桌子可以。,0
645,那你看那个你跟我说，桌子和椅子。,0
646,是啥八呀，这个就是啥呀？,1
649,我刚开始给你举例子，我就说你们家的不是这张图片上的好哈。,0
653,结束。,0
657,所以，那我们就没有问题了，那咱们来看一看，这张图片上，它的环境吧。,0
658,有墙上的画，还有装。,0
665,然后还有木瓜。,0
666,还有小吧。,0
667,嗯和丁墙壁上。你要什么。枪毙了，,1
668,还有种花里。,0
669,它又送花。,0
670,橡皮。,0
672,角B上有画。,0
674,的。,0
675,嗯讲边上有好。,0
676,还有种花，,0
677,花间一什么。,1
680,动画的化硼花盆画圈。,0
682,三八嗯嗯，这是我们可以看到都还就。,0
686,特别好，,0
687,特别好，那也就是说看起来呢，这个应该是非常温馨的，是不是啊？,1
692,拟人。,0
693,这是感叹的感觉啊，整个感受，那再来看一看。,0
694,嗯哼，,0
695,再来看一看。,0
696,公。,0
697,妈妈做的是一个什么颜色的沙发。,1
698,缝衣服。,0
699,粉色。,0
700,红色还是粉色。,0
702,我要看的清楚。,0
703,大家好呢。,0
704,好。,0
706,你来看看啊，你要看的清楚一点排列，但是呢，咱们把它固定好。,0
707,我没问道关爱，看到他就去。,0
708,啊，那可能那是不产生有机物高级碰到了，所以他就想了一下没关系，我们来继续。,0
709,那我们可以看到，妈妈是坐在一张沙发上，你看这个沙发，你想一下，如果做上去的话是什么感觉呀？,1
710,管明。,0
711,开始吧，,0
714,绵绵的软软的也就是说。,0
716,好买商品软软的沙发再来看看。,0
718,然后让还有椅子。,0
719,头上还有听不？,1
721,哎大放的话，加上是到你刚刚都观察到呀。,0
722,是的，是的墙上还要影子，所以你的观察的非常仔细内环境观察完之后，咱们就可以观察一下动作了。,0
723,爸爸的鼻孔大家饱餐。,0
725,一天，沙发，,0
729,那这个动作就叫做。,0
731,哎甲的做了，你看一下八上什么？,1
732,嗯，坐在沙发上，所以它的动作呢，是做那么除了勾股坐在沙发上，你再判断它的少再看看它的角。,0
733,他手上。,0
734,手上啦啦的一样。,0
737,嗯嗯，,0
739,哦，那就是对妈妈的手就是像跳舞的动作一样，这样子呢，两只手臂伸开，那再来看看妈妈到两这个角呢？,0
740,小没看见就看见一半。,0
742,练习角头，,0
744,嗯，好的，那我们就可以抓到妈妈的动作了，那烧完妈妈来再看一下小宝贝呢？,0
745,它是，,0
747,这么转了。,0
749,起码呀，,0
750,停。,0
751,是吧，,1
753,好准备给妈妈写角呀这个小衫出来了呀？,0
754,哦，那我重新说一遍，带给妈妈洗脚。,0
757,变大的微笑。,0
758,对面积单位想说的很好，那小朋友呢，这个典型呢，是不是也一样呀？,1
762,体间短的呀，哎呀。,0
764,一。,0
765,像花。,0
767,一只有。,0
768,嗯，那么下的向。,0
771,绽放的。,0
772,花。,0
775,跟你妈下的向花生一样咆哮是吧。,0
779,好那我们现在呢有试着把刚刚说抱的这几个这道题的观察到的内容是住在这一张图片上我们把这些空。,0
783,下班后，,0
784,哦，对了，所以这里可以给它加上一个下班好妈妈会大家这在什么上面消息。,0
787,坐在沙发上休息说，宝贝，我的高手被我的宝贝女儿快点来给我洗脚。,0
788,啊。,0
792,都在五彩斑斓粉色的时候。,0
797,再加上什么样的沙发上呢？,1
798,一百首。,0
799,哎，弧踩般来说，已经种颜色呀。,0
800,那你后边我说是粉色能一百几种颜色当中有没有包括粉色呢？,1
801,有很有很多种粉色。,0
804,所以咱们就直接设它唉坐在粉色的沙发上或者是坐在柔软的沙发上软软的沙发啥修。,0
806,又没。,0
807,它就。,0
808,上加软的。,0
809,沙发。,0
811,那下一个啊。,0
812,跑上去，妈妈轻轻一跳。,0
813,嗯，下一句话，我贪阵百分之九。,0
814,跑着去睡觉，妈妈说，一天是个像是厉害啊。,0
817,嗯行我看见了赶紧哦。,0
822,要水。,0
823,洗脚。,0
825,啊，赶紧去当谁本妈妈？,0
826,题。,0
827,开心的像。我。,0
829,我比哇，你太歪了。,0
830,嗯说或者高兴的书啊。,0
834,刚上面说乎。,0
835,你看一小时太一拐。,0
836,给你一个。,0
837,那我们也可以说，嗯妈妈高兴的时候，你看一下往上了，你太乖了，然后呢去。,0
840,一拍一个我们。,0
842,有一。,0
843,嗯，千万这个宝贝，你R一跑的快点给它一个稳。,0
844,给我也没有我自己，我每天都。,0
845,嗯，那我们看。,0
846,那我们现在呢，再把这个写出来的内容试着来读一读吧。,0
848,下班后，爸爸回到家坐在软绵绵的沙子的事情，我看见的班的命。,0
850,嗯余了，明明阅读它用的。,0
857,装水给妈妈讲一讲妈妈病在微笑的望着我高兴的说。,0
859,B。,0
860,一。,0
863,你太里冒了。,0
865,一拍像，,0
866,外观。,0
867,教室嗯，你看像是。,0
869,还给我了一个这个。,0
870,嗯嗯，,0
872,设完还给了我一个。,0
875,我真的很干净。,0
876,见了很喜欢它们再也不要动我了，我写作业在右边再也没有被妈妈批评了太后。,0
877,嗯，想象不错很棒，那么这里。,0
879,对吧，,1
882,因为我开始跑违反笑了啊，那现在呢，你试着自己来说一声啊，刚刚老师带给你来说一下，现在呢，我们加自己说喽。,0
886,没什么关系吗。,1
888,嗯哼，,0
889,玫瑰一，,0
891,会胡思乱想，,0
894,你刚来吧，评奖试一下。,0
895,不要胡思乱想，一定要把刚刚学大的，所以说就好了。,0
896,独自的妈妈。,0
897,妈妈来，坐在软绵绵的沙发是。,0
898,下班后，,0
901,沙发。,0
902,我看见了赶紧给妈妈多水洗脚。,0
903,那么变大，我可以把它对我说太快了。,0
907,太阳说了变成一个比一个给你一个我再给你一个玩具，再给你一个毛绒，给给你，我的西瓜。,0
910,给人可真多。,0
914,哎，那到这里呢，我们就已经设出一段话来了，很不错嗯，还不错，那同时呢，咱们在写的时候，如果遇到不认识的字，就可以用。,0
915,他不让我在。,0
917,拼音代替啊，现在呢，我们来发挥一下啊。,0
919,那我们可以想象喽，甲方语言想象棒做，还可以想象心理。,0
921,小女孩心里美滋滋的。,0
922,嗯加加语言想象动作想象心理。,0
923,嗯这个词语不做软绵绵美滋滋用了两个ABD的太棒了。,0
924,他。,0
927,他一边走一边说，时刻准备着给妈妈符箓时刻准备着给妈妈一个时候对着给妈妈不应。,0
929,这叫语言的。,0
933,学科表，然后把谁看整个也不不会妈妈和我这个是不是语言呢，如果是让你做的话呢，它已经很怎么样呢，你可以说他对着妈妈见到的礼仪，然后需要。,1
934,这就。,0
935,立刻时候醉着龙爸爸给妈妈。,0
940,时刻到这你背一遍啊，给妈妈。,0
943,给妈妈做家务时刻准备也给忘了加做家务，这个准备给我不干不耶。,1
946,哦。,0
948,小猪啊，V。,0
951,你来看看开心呀。,0
952,玉米。,0
954,好。,0
957,嗯，但是你可以把这些带进来啊，好的那两条线站呀，已经清楚了，可以再加入人物的语言动作心理，我们试着来想一想吧，句天上呢，妈妈。,0
958,妈妈说的话会。,0
959,那么。,0
960,对我们分开来说，那么或者说什么会想什么会做了什么儿女啊宝贝儿调换想什么说什么做什么呢？,1
964,妈妈下班后。,0
965,老虎皮的坐到沙发。,0
968,夹在这的时候。,0
969,疲劳疲劳，,0
970,女儿看见了赶紧跑出门外一边说，黑色准备看给妈妈和十个十非常给妈妈说十个出一根棒，我变，然后。,0
971,一边一边，,0
972,剑跳这样走。,0
974,说吧，,0
975,跟闪挤压了。,0
976,这个不对。,0
978,嗯然后呢，他一边着一边说，一边打扫，一边说，少儿引号叫典妈妈端来。,0
979,来。,0
981,一个星期快速的把水加入七巧板妈妈把小放在里面了。,0
982,我要。,0
983,你真是不作业壳的。呃。,0
985,啊。,0
986,嗯绿色的那个呃。就害。,0
988,什么。,1
990,哦，刚刚的，我觉得你真。,0
991,非常棒了，那咱们再来试着分开来一个一个看啊，除了你刚刚是大的内心觉的时候呢，我们看到这张图片上呢，是妈妈坐在沙发上是一条对吧。,0
993,绕口令，我还有个黑黑的东西。,0
996,宝宝。,0
998,好宝宝黑黑的头发。,0
1003,脑袋。,0
1005,然后我的也一样和。,0
1009,我问你八。,0
1010,路程。,0
1013,嗯，是我最快一点。,0
1019,我一点吃来吃的乖乖的其他没有生小孩比你更快。,0
1022,特别开心，,0
1023,你是吧，特别开心，感觉非常幸福。,0
1024,嗯，好的那，这就是我们观察到的妈妈的信息了，接下来呢，我们再来看看这个小宝贝吧宝贝快做什么说什么想什么呀？,1
1028,吨。,0
1029,嗯宝贝快去端杯水。,0
1030,哦，会去跑到。,0
1032,一看。,0
1033,爸爸妈妈的脚。,0
1034,嗯这些可以是它的动作的道题假之前也可以去。,0
1039,B。,0
1040,他就给妈妈教给妈妈按摩的。,0
1041,哇或者最。,0
1043,我我嗯。,0
1044,所以我。,0
1046,它说，你知道我心勤劳的小猪。,0
1047,一。,0
1048,哦我经常劳动啊我的背部课教用了。,0
1049,可是。,0
1050,发布。,0
1052,发软。,0
1054,有必要送给狮子吗？,1
1055,对不对。,1
1056,一双高跟鞋都没有他怎么光。,0
1058,你们那么长，刚才给你写了。,0
1059,哦好爸爸妈妈没写完差慢慢写啊或者是妈妈刚喜欢。,0
1060,扛着谁有必要的窗外去结婚打。,0
1062,那么。,0
1064,我给见过一遍。,0
1066,哎，那乘以什么来可能是为了更方便来照顾你跟节俭，所以它就不传达给你写了，因为穿上高跟鞋会不方便都。,1
1071,给我唱个高兴给夹蛋糕举例。,0
1072,教完了啊，咱把背的动作了，它会用手提示是水温拿给妈妈说一说妈妈啊，有点将用的有点花中的角给它按摩嗯给它按摩可以加上按摩这个动词。,0
1076,他会跟妈妈说，妈妈一天这么辛苦二十四小时，我瓶子里。,0
1078,我来跟你一杯酒吧。,0
1079,嗯，那我来给你。,0
1081,我告诉你的好消息，我自己扛了一百分。,0
1084,对我来给你说明甲学习甲大了。,0
1085,嗯棒棒哒。,0
1086,没有啊，是图片中我。,0
1087,刚给你啊，就可以了。,0
1089,我最后还是你自己觉得考了一百分了。,0
1090,啊。,0
1091,把前后把这个也是当然可以加进来啊，这个语言目测那让妈妈一定会非常开心的，那么听到这个消息之后呢？,1
1092,一天的疲惫钱包一百分儿光了。,0
1093,好了，,0
1095,特别是一个，然后他把他故意把自己的关注从迷宫给再加个适应一百分儿。,0
1098,好不好。,1
1101,你想下来看一下，比如说，我的话，那如果是妈妈，知道的话会很生气的啊，那我们现在来给它吧，你加我想妈妈上了一天的班，一共。,0
1103,对吧，,1
1106,啊。,0
1107,而且还不看早出晚归疲惫不堪。,0
1108,啊，现在。,0
1109,好。,0
1113,对。,0
1114,好了，那咱宝贝呢，我们想完了，接下来就要有动作了，于是我赶紧去断路台湾省过来，我的妈妈说。,0
1116,我对妈妈说，你的衣服了。妈妈说，,0
1117,我来背一个大萝卜。,0
1119,那二辛苦了，我来帮你读。,0
1120,退位。,0
1121,嗯然后呢，我要调去试试。,1
1122,问题是这个放在挑挑。,0
1123,对待觉得伯伯仲然慢慢把脚放到。,0
1124,我看你那个好。,0
1125,啊，这两方法把脚放到盘子里。,0
1126,按摩偷偷脚，然后呢，脚丫跟。,0
1129,哎，五个我给妈妈按摩来角。,0
1133,我的萌萌。,0
1135,妈妈要熟。,0
1140,哎呀，你真是个蒸汽又孝顺的孩子突然间，他说了一句话，我今天可能要做。,0
1142,哇。,0
1143,百八。,0
1145,嗯，明白我的桃花，我们我的讲法的啊。,0
1147,都在嗯。,0
1148,啊。,0
1150,然后我们会说。,0
1151,好了零分，你就要在了你你家内容再给它写合理了啊，不够。,0
1153,一一颗一天干。,0
1155,然后把它给我倒过了过的。,0
1157,哎试着用呀。,0
1158,对扩大扩大到五扩大就可以扩成一个大段话了，如果再扩大就可以分成几个段了吧。,0
1159,一吗，,1
1160,嗯，那咱们今天的课后作业呢，就来写一写这一张图片上的内容。,0
1161,妈妈快点又老师怎么办？,1
1162,我要妈妈拍照片。,0
1167,对。,0
1169,那我给你呗。,0
1171,好了，那我们今天呢，就可以到这里了，知道了可以抓尿素长细节啊，从环境呀，表情呀，动作呀来找，然后啦加入你的想象喽，加入威严。,0
1173,当做海洋松。,0
1176,拜拜。,0
1177,嗯，好行那今天我们就到这里吧，拜拜。,0
1178,D。,0
1179,等我一负形有关的几个人吃了吗。,1
1180,唯一复习有关的一个人。,0
1181,一个人在家里有一个呃叫单立人咳哎。,0
1182,对文学三姐妹，但一定。,0
1183,咳嗯。,0
1185,还有我给你说啥来着。,0
1187,什么求，,1
1188,好。,0
1189,啊。,0
1190,求。,0
1191,我吃的啥求了呀？,1
1196,国家求，,0
1198,国家秋啊，我刚问什么秋我我这一想到了皮卡丘。那个。,0
1199,好。,0
1200,嗯嗯，看错了。,0
1201,还有那个笔克拉克啊。,0
1202,你把它可三个人啊，是五十的文学三件，那每美术上面的就是艺术上你的感觉。,0
1208,这个应该记得吧。,0
1209,啊，分析，,0
1210,对达芬奇。,0
1212,啊但是。,0
1215,还有呢，,1
1217,还有。,0
1221,还有。,0
1223,没说，上面一个达芬西啊，还有个。,0
1224,还有个谁呀？呵呵。,1
1228,你还画过。,0
1229,还有个。,0
1230,你看零令么，如果它的话过他那个标注作品。,0
1231,呃，那个那个开了题了。,0
1234,你看看七咯嗯，还有一个花是五项的。,0
1236,拉菲嗯，,0
1237,那C二。,0
1238,浪费了，,0
1239,嗯，那这样的声母像这几个人堆，那宗教改革的时候，而是宗教改革啊杆对这种封建的教诲。,0
1241,然后代表人物或者说就代表人物吧，有哪些呀？,1
1242,代表着哦。,0
1245,代表人物嗯。,0
1246,它首先从德国开始。,0
1249,德国什么四分之一自己吗？呵呵呵。,1
1251,那我玩的永远都是自己似的刺激。,0
1253,好像就是俄国会讲司机呀。,0
1254,所以它倒还好呀，而且你说的司机，我感觉也没那么多呀。,0
1255,不知道，,0
1258,嗯，好的。,0
1260,好像没那么多啊，历史上米那么多的司机火车司机可能是这本学生的实际是吧。,0
1261,啥。,1
1262,咳。,0
1266,难道文学上的？,1
1268,嗯，那个。,0
1277,好了，,0
1279,对吧没有文学上的，我就记得高尔基。,0
1280,二四颗罗斯福司机。,0
1281,还有什么列什么什么什么是几？,1
1283,咳。,0
1285,哎呀，肯定我想一下。反正我印象当中好像提到X解都是俄国对吧。,0
1287,列的。,0
1289,喂我，我这么多的。,0
1290,我应该收到的更多的比例，就是列，然后水的三个点，然后自己呵呵搞得我最后直接的一个力中间的，这也不记得了呵呵。,0
1295,这个题给你留下了隐隐。,0
1296,那个二次托洛茨基就哦三个点四的哈哈哈。,0
1298,那么的，,0
1301,好这个文化常识，然后。,0
1303,嗯来记不起名字的我。,0
1304,受到把剩下的位置。,0
1305,来。,0
1306,A。,0
1307,啊，达芬奇啊，这些还是比较好这道题。,0
1309,好嘞嗯宗教改革啊他首先从德国开始那么代表人物就是那个筋字记得对吗这个。,0
1312,哎，好电路得和。,0
1316,耗尽了，因为你看它是德国开始的。,0
1317,这个M给木得。,0
1318,对。,0
1320,俄国开始马丁路德。,0
1322,嗯德国但是那个时候叫德意志地火啊简称读作。,0
1324,把题目得那它的这个中心思想里面我们说有很多比如说他对于当时这个教会所宣城的啊说只要你去购买书籍对称灵魂就可以得到就说它是怎么说的？,1
1325,考过的。,0
1327,那我就可以得到九。,0
1330,我不确定。,0
1331,对吧，,0
1332,还有呢，它针对说嗯，还提出这个信仰上面的题出了什么阴性乘E对吧这个你要记得呢啊因先乘以嗯，就是只要你。,1
1335,我是，,0
1336,呃，有虔诚的信仰灵魂就能得到救赎，然后还有一个就是等于审清的一个解释和乘进去，每个人都有。,0
1339,权利直接的去阅读神经对吧与上力对话M需要通过什么叫回家小黄之类的。,1
1341,还有什么这个要建立联颈教会啊，这个取消繁琐的一式啊等等联颈教会呀，还有呢角C固定的原则啊。,1
1343,还有呢，,1
1344,忘选高于小区。,0
1346,要高于耶。,0
1348,诶，你现是讲解。,0
1349,我大概。,0
1351,控制这个叫寻。,0
1352,叫成就是他家疼控制的一个估计含义。,0
1353,咳。,0
1354,嗯，可这个面有一个有有有一个敲第一条的。,0
1355,天文上，,0
1356,有一个超级小的一个万有引力的，然后有一个呃，也有一个那个净化了日本人。,0
1357,哦，那。,0
1359,嗯啊，,0
1360,还有进化论的是单位人是不是那答文当然我说还有天文上面天文上面是个百米嗯有这些出来哎这样说起来上节课讲的人还确实挺多的？,1
1363,这个。,0
1364,行咱们今天的话来平行EQ。,0
1365,我要把。,0
1367,呃运动。,0
1368,比如这个，因为因为。,0
1369,嗯，好。,0
1371,二五。,0
1372,Y。,0
1373,因为它的。,0
1374,你们来的。,0
1375,因为大特别大的。,0
1376,卖的是光明的意思，那启蒙运动就是说哎吆趋向么，就是趋向于K哎呀，就像光明么一种。,0
1377,你可以说。,0
1378,嗯和科学的光芒来趋向线数这种愚昧迷信宗教框任何专制统治带来的黑暗。,0
1380,一题的，我们可以看一下这个呃。,0
1382,嗯说，在人类历史发展历史中，由于自然条件是哪条线和线文化的限制人类销售有各种奴役主科雪不是这个绳雪自然已经社会的溶液。,0
1386,所以说控制社会容易就是来做王权的对人们的这种压制啊急忙运动期间怎么写下来的一方面哲理性的思考借助知识的力量诗人摆脱宗教的压制。,1
1387,咳。,0
1389,那么像我一个人的解放，还用还用从两个维度中学算出来，一个是自然一个是社会，所以还提升发展，这种科学摆脱对人人对自然的人的舒服，那题上这个理性。,0
1390,有理性宣扬出这个自由平衡的人全都里面来摆脱专制的对应的压迫，这题目运动给你相当于是等于文艺复兴十七人为主的经济的发展。,0
1394,有呃，主要有三个方面啊，就是在这个做的人在作者看来，这个有受到各方面的压制，比如说什学对吧绳学的压制玄学的说服，那么需要借助理性的思考来去。,0
1395,想起摆脱打头宗教对他的压制来自自然的这种努力的，我们可以通过啊，倡导科学，然后来。,0
1399,呃，就科学啊，那摆脱自然对人的说服，对于这个专制统治呢，我们可以解数字由于这个里仙女座阐述出来的这个平等啊，九什全程里面来讲去摆脱，所以三个方面。,0
1400,独立思考呀，用你的智慧去判别去判断之类的，而我们说的这个。,0
1402,感性的人一般感性的人，他会从自己的情感出发，对吧。,0
1404,哎，他看到比如说我，我觉得我还是一个有点偏改进的人啊，就是。,0
1405,啊，很容易就自己的情绪上做到其他方面的影响就很容易，你看这个突然悲伤呀，或者说突然开心的样子啊，你现在的话就是更加的。,0
1406,留在现在，你给我的心情怎样？,1
1410,对不配的。,0
1412,你给你新的话，它更加的冷静客观啊，能够去用自己的头脑去思考判断啊，不会人民呢，这个反面的啊。,0
1413,理性科学还是教育一定要纠正它慢慢的。,0
1414,另外呢，对于未来社会也提出的一些基本的政治理想，你那边是不是没有出来哎，我这个位置。,1
1415,先不人选平等自由法制，还有这个。,0
1418,好的，,0
1419,平等自信的说了啊这类的这个观念疼的篇幅人权你的这些群力要自由平等这些追求性和前面呢都是上篇所自然而然总注意的啊它不是说某个什么君主啊嗯。,1
1420,上节课，我们也提到了说文艺复兴产生的根本原因是什么对吧。,1
1423,函数是紧紧上那么这里。十七十八世纪又一次出现这样的一个思想应用啊解方运动启蒙应用起根本原因是什么？,1
1424,这题嗯，,0
1425,那这个东的原因。,0
1427,上节课，我给你说了一个很高大上的题。,0
1429,而且。,0
1434,然后。,0
1435,增加改革啊，跟啥啥哈。,0
1437,然后要。,0
1438,呃呵，我那个我所只可意会不可言传。,0
1439,对。,0
1440,推动了思想解放推动了。,0
1441,就是。,0
1442,发展类的思想就要么就要哦，是。,0
1444,解方一下啊。,0
1445,嗯，所以说，有前面几个思想运动运动的，这样的一个对人们思想解放起到的推动作用，对吧。,1
1446,提了一下，,0
1448,嗯，那为什么在这个时候自然自己要求摆脱方向完全往群和教会的项数浮力最根本上昨天讲一句话叫。,0
1449,求的。,0
1450,等于。,0
1451,嗯，经济基础决定上层建筑记得吗？,1
1452,一些特别。,0
1453,所以最根本的是经济这个时候，你看十四世纪是那个资本主义萌芽线，对吧，那个资本主义经济啊，他才开始产生啊，然后等到十七十八十九的时候，它发生发展已经比。,0
1454,什么。,1
1455,种状态了那么资产阶级它们的要求肯定就多了那么求啊自己要发现四分之一嘛但是这样的一个四分之一接受到风筝完全教会的这种压迫呀等于零的所以这道题摆脱专制往前的。,0
1456,数。,0
1457,提出了这样的各种要求，这是起了一个对根本上就是经济的资本主义这个时候进一步发展。,0
1458,咳。,0
1459,再加上这个前面几个运动的这种思想的推动。,0
1460,就产生的题目运动到启蒙运动，它的一个进程代表人物是怎么样的呢，我们先大概来看一下啊，它可以分为三个主要的是七一个就是新起一个是这个新启阶段是在因果。,1
1461,十七世纪欣喜与鹦鹉英国出现了早期的题目是相都可大，还有我不思。,0
1462,公司，然后发展到十八世纪法国的手成为了高潮阶段。,0
1463,所以我们讲到了起码运动最主要还是讲法锅啊，三个人弄的死揪或者太啰嗦。,0
1464,六到十八是截后去的时候哎，再扩展到其它的国家欧洲其它国家北美地区啊，你说英国比如说德国德国有这个慷得啊，因果呀，能分泌凶猛等等等元素。,0
1465,四。,0
1466,啊。,0
1467,好，大概有这三个。,0
1468,三个阶段吧，新启阶段高潮阶段还有过然十七。,0
1470,这个十七阶段清楚吗？,1
1472,你看又出现了好几个人啊要波克急的人。,0
1473,前面文艺复兴的要搞混了。,0
1475,那首先的呃这个涝个啊，多看我们简单说一下。,0
1476,如果可他的思想的它的这个。,0
1477,著作啊，主要是这一个。,0
1478,咳。,0
1480,呃。,0
1481,动滑轮政府轮嗯，它在这个政府轮重提出了导体的风险。,0
1482,好第一个吧，路克酚醛的思想就是说这个权利要相互要分开，并且要相互志恒对吧才能够来最大的保证这个权利的正常的雨欣啊，发挥它最大的这个像语文的。,0
1484,因为它。,0
1485,嗯，就，,0
1486,因为图上今年的一个海上特别特别大的一个函数。,0
1487,它现在有有有给你叫力为T。,0
1488,这个六位构思呢，在这里题一定要利用一看，就是他把国家正负比喻成了这个力为它。,0
1489,啊啊啊，,0
1490,就这个国家正五就是一个力，一个力为看，那么电影中这个电流有没打开看，因为假如说这个电源电压E呃，有有个啊，有一个是家里就是长这个还受的，然后这个函数的。,0
1491,形象啊，还被那些呃，往往往有公司游戏公司所拿来做宣传。,0
1492,到去啊，然后呃，还有一个还有一个因为它那个家那个孩子是俄国的啊，然后做这个一个功能大题还是弄还是能露出来的来的政府要求它强制。,0
1493,翻译就是帮助这个地方但是它没有答案然后这个国家更负正负正研究格子隔三差五的来到来判断一下最后就产生了产生了这种冲突啊什么什么的就讲这个人民跟。,0
1494,正负之间的这样一个事情。,0
1495,就是跟它的名字一样，就是比较养眼，然后就偏天子也是比较长，我就大概看了一个简介，我一直想看来，但是我了，不是说太压抑了，不适合不适合，我看我看完之后可能就会封闭半天，那。,0
1496,那么半天运动，那会不会是在这个力为太阳钟，它主要讲了什么呢？,1
1497,它主要提出了一个。,0
1498,社会曲的最小。,0
1499,比如说，我们的社会呀哦，我们这个国家呀，诗人米，它先通过我清零其余二十一它们嗯，有这种切换行人，反正宾客国家这些有这种社会七月关系。,0
1500,人民么屈服处理国家对吧，那么国家，你要去拿个维护人民的里，如果说你没有维护，为什么一个力怎么人民有请你把你推翻，因为五是一种缺关系，你没有对星期天呢，就这个意思，这是两个人会不是。,0
1501,和我可。,0
1502,然后是法国的三个什么意思。,1
1504,法国的这个是谁呀？涝个四就。,1
1505,X的五。,0
1506,能得四。,0
1507,啊，比如说等等如何找来提出来的，我觉得嗯，主要是前面两个，你看它们的这种穿着啊，还挺好求的，对吧。,0
1508,就看这种遇到啊，法国呀，或者说什么法国当然还有前面讲的好后面我会想到什么拿破仑呢，找那些图片。,0
1509,我发现人家那个穿着上就是。,0
1511,很很精致的那种感觉。,0
1512,不讲究的。,0
1513,穿的讲解。,0
1514,然后。,0
1515,有什么边边呀，明白了啊，不仅女性是女性，他们。,0
1518,宽就是那种什么什么裙子啊，然后依次地跟你三层Y三层的那种哪个行也是一样的。,0
1523,它在说是男士的旁边那个也是啊。,0
1524,就是说高跟鞋，,0
1525,哎，再开始。,0
1526,啊我怎么这个答案好像刚刚拿破仑还是有关系啊也就是说最开始确实有哪一些。,0
1527,老师说了，有的。,0
1530,就是拿不了那么方便。,0
1531,嗯，能不能。,1
1532,对吧，,1
1533,主要是他们传染啊，然后后面呢，就慢慢的变成啊女性一单数的呀。,0
1534,它，我觉得呃，反正它们对俯视上面这种一个推进啊，还是影响力挺大的啊。,0
1535,呃，好像现在有一种风格，就是。,0
1536,法国那种那种叫什么风格来着？,1
1537,有一种是不是可以跟你没有看。,1
1538,就是。,0
1539,嗯，好好学完那种。那种感觉的。,0
1541,父母风还有什么来着啊，都很像啊，然后我们不看一下啊，我们看它们的思想这个法国呢，我们说有三个弄的话，它还有比如说蒙得四周的话，它主要是尽可能前面啊。,0
1542,说的若X的思想。,0
1543,我可的嗯选思想它进一步的提出三权分立的主张那么哪三全等呢。,1
1544,三权分的。,0
1546,那三天，,0
1547,立法。,0
1548,人的名字，我打错哈哈哈哈哈。,0
1549,嗯司法立法。,0
1551,哈哈哈。,0
1552,司法立法行政司法也就说这个嗯。,0
1557,啊。,0
1560,呃一般呢，由这个法院形式。,0
1561,立法钱的话，你把它全就是颁布法律法律的，像形成一般都是一会啊，什么？,1
1562,这个，你看我们中国立法结构是什么的？,1
1563,我们的立法结构。,0
1564,立方啊，一个人人大代表。,0
1565,代表大会。,0
1566,关键在于这个，,0
1567,而且是全国人大全国人大，它是最高求定积分啊，他想用这个力。,0
1568,还有行政选形成了一般是用这个证出来去行驶的向西方就是什么那个呀之类的啊。,1
1569,那个这个形式。,0
1570,它说如果这三全这个思反了不同地方行政抢分分类自由也就不存在如果司法同一法合二为一教会得公民的生命和六十是专断的权利因为法官就是力拔者。,0
1571,角三一乘以另外他题上说打印前人评的不像这个反精神啊写这个三千温理想和监督之和它的这个三乘分影。,0
1572,对于美国产生非常大的影响，美国它的这个一起八行宪法中都是很明显的，可以取等你现在的话也是这样，总统过快。,0
1573,还有这个对吧，法院相互的志恒当对中国来说，中国，你还记得那个我们中华民国的时候吗？中华民国，我们颁布了一个限法来着，要什么么法。,1
1574,无法。,0
1577,中华人民共和国零时，,0
1578,这什么，,1
1579,中华民国。,0
1580,临时约法不是中华人民共和国中华民国。,0
1582,民主共和过中华民国临时约法那个也是在这个。,0
1583,呃，因为它里面有体现三角形，而且我们是继承是介绍美国的进步的发展，成为了五全风力。,0
1584,污水补全分力哈那个。,0
1589,孙中山那个所，所以我们发明的那个。,0
1590,就是除了这个力，把司法形容方面还加了考试。,0
1591,考试宝贝考试全还有监察去。,0
1592,对。,0
1593,这个是M和CU。,0
1594,第二个人呢，是负二太Y太阳看着都比较题，听一点啊，那么，它的时候，它的猪作风所有里面说，人类肯定想一想，突出比较更好的政府，那么这个正负是怎样的呢？,0
1595,一切都有一几除数一级的言论来裁决官员必须经过好几次严格的考试才弄晕海陆用大中午，这些牙问就是这里写的结构，如果说曾经有过一个国家在那里人民的这个生命。,0
1597,明喻和开始说的把他保护，那就是中华敝国哎，它有法国人，他在这里对于我们当时中国进行这样一个很高的评价，他说，他说啊，中国的这个正负是啊。,0
1598,进行这样的一个赞扬。,0
1599,一切都有这个衙门来才就就是我们说按中文的我们的事情这种中央集权体制对吧这君主专制这道题给身体至乘以几除除以题比如说这个呃皇帝之下有这个六不对吧这个舞台。,0
1600,咳。,0
1601,有。,0
1603,进行其它的一个管理之类的，当然，它这个十八是几面，刚才就是中国。,0
1605,大概是，,0
1606,清朝的时候，明清十八实际是。,0
1608,是。,0
1609,清朝的时候。,0
1610,明朝。,0
1611,清朝中期嗯，经常珍惜的时候。,0
1613,咳。,0
1614,必须经过好几词言得考试才能用这个对应的就是中国的什么呀，可取值对吧。,0
1615,然后我们科举考试，然后来选拔官员的非常的严一个它说这些两米就这里理解的结构。,0
1616,税务人民的生命比喻和才承受的反正保护。,0
1617,那你。,0
1618,嗯，可以想一想啊，你看一下。,0
1619,他是中国呀载重对当时清朝的时候就是主谓古古代中国人民的生命财产你又瘦的法律保护它这个认识对吗。,1
1621,对。,0
1622,是不是符合中国的一个基础模型。,0
1623,中国当什么有名的生命财产的呢？,1
1624,那你说。,0
1626,不是。,0
1627,诶，当时。,0
1628,当时还没大。,0
1629,对吧清朝的时候是不是啊？,1
1630,哦。,0
1631,嗯，那么，这就说明。,0
1633,听着了。,0
1634,哎，好。,0
1636,它只看到了表面对吧没有它的实质上实际上我们说清朝君主专制强方人民生活的和。,0
1637,两个。,0
1639,三种。,0
1640,哦。,0
1641,还是。,0
1644,但是通过它的这样一个描述，我们能够去分析得出它所宣扬的，它不是说去呃就是说要废除君主啊，什么呢，而是它主张没有一个开明的君主来进行。,0
1645,这个管理啊，进行这个改个，他希望能够建立一个君主立宪至。,0
1646,认为，项羽，所以呢，它所。,0
1647,它的一个这个主张啊，就是主张开明胸志。,0
1649,开明就君主专制那就是君主万限制那当是十八世纪的时候当是哪些国家是君主立宪因果。,0
1650,咳。,0
1651,好的，,0
1652,因为我是君主立宪，他的十七是浸没的时候就这里的中位线，所以它是非常赞同这个英国的君主立宪一致的啊，在这个正比上，他希望能够建立君主立宪。,0
1653,君主立宪哦，这里给你题下君主立宪，它是保留的君主，但是君主的权利受到限函限制，B线就是要颁布宪法的一。,0
1655,好，这是负二派，当然，他还宣扬这个。,0
1657,五分之一。,0
1658,听不人权了，就平等这一类的观念好第三个人的九十度。,0
1659,无数啊，画过的鲁说，如果说它得著作的一个主要的有两个。,0
1660,啊。,0
1663,就会七月问。,0
1665,五。,0
1666,还有论语人类不平等的钱。,0
1667,这两本主动。,0
1668,他说所有功名都建立在再见了一个政府过程中把它们个人的一直融合一个共同的一支同一接受者共同一直的彩纸作为最终的才排距郑和说说什么不是人民的主张是人民的办事。,0
1669,圆。,0
1670,它能随心所欲如锌走远的是他们整千和把他们拉下它也就说。,0
1671,啊，填。,0
1672,权利首先在人名的手中对不对，你都全文中的权利从哪来呢？铜人名儿来，而且呢，我们之间是有这么一个达成共同一直有千米，你这样的一个喜悦，这样的一个七月。,1
1673,你当你就是我需要你的时候，我可以给你权利，让你来管理这个国家，但是如果说你违反啊，我们的区间怎么看我的前一的时候，我就可以把你拉下来，我通过发动期间的方式，把你的感想。,0
1674,有这个意思是不会学，那还有在这个棱人类不平衡的钱中，他认为人类为什么不平的呢，就在于有财产的性质。,0
1675,有私有制，那每个人，他所拥有的是不一样的，对吧有多有少那么相应的，就有妇人要求人，所以最后就会产生。,1
1676,不可以，,0
1677,小球。,0
1678,零的。,0
1679,对他他认为啊，就是有事是人类不平的钱，他着张着全在米嗯。,0
1681,哦，其实接着民主直直接点明主题，只是如说。,0
1682,这是法国的三个代表人物。,0
1683,那么其他的，我们说扩展到了是八十几后边C或者是其它国家，还有其它的一些词。,0
1684,这个怎么思想家啊比如说我要漏刻修木还有压档次幂亚当四米的话我们提到他说他是？,0
1685,现代经济学支付。,0
1686,经济学上面的一个理论啊，非常的。,0
1687,它的注重的主要是贾府任红润应该听说过啊。,0
1688,压中心，你过不等它说，每一个人呢，在他部位反正应的法律是都音频任务完全的自由。,0
1689,让它采用自己的方法追求自己的力以及嗯以及劳动其次，苯和任何其他人什么什么像竞争，这样君主们就被完全的解。,0
1690,这样的，,0
1691,乐。,0
1693,线路三其知道三乘以是知知道嗯生残夜实质最和是否与社会的立意的义务啊所以在这个他的骨灰米它所提出的主张就是宣扬？,0
1694,要自由发展，特别是在经济上要自由，它不是很自由主题。,0
1695,我们说，西方的资本主义思想资本主义的经济思想呢？,1
1696,主要有三种。,0
1697,一个呢，就是刚刚说的这个压等于浮力的这个自由主人当这个自由着他。,0
1698,真正的就是新区是在。,0
1699,所以说，,0
1700,工业革命后，B错位感明好，然后前面的是这种伤感。,0
1701,中不充当主要就前面我们讲那个地理，他发现的时候说，哎，那个什么？,1
1702,呃分力王子M还有那个一沙被儿女完了。,0
1704,这个不知道呀和剩下的啊，这个公式都是非常之时。,0
1705,这行好，我们来讲去搞指明冒险的对吧。,0
1706,与活动的啊，就是因为它们。,0
1707,就是受到了。,0
1708,哦，就国家正负去知识啊，一个中商处于为什么感觉少讲一个内容啊。,1
1709,啊，选D。,0
1710,嗯从商旅只有啊还有后面读了这个经济危机之后咱一九三六年的时候就出现了弹丝主要就提到一个人弹丝看似水的话它所需要的就是。,0
1711,不在赶紧氢气加了一个例子。,0
1712,好，这是达到词语刚刚给你说劳动是才字才艺和源泉和衡量一下这个尺度，另外主张自由的去竞争。,0
1713,啊。,0
1715,这个还是比较好记的，德国的坑的，你看都有一个得对吧。,0
1717,嗯在德国到哪里名额啊，看到认为立方泉呢，是属于选异构，请你人民的国家主权属于人民主权。,0
1719,在你的这样一种思想。,0
1720,每个人知道服从自己的立法才是自由的，只有在不同理法的前提下，最公民材人平等的另外，他提出了人非空气，有人给公比问。,0
1721,那为什么呢？不是我们所具？,1
1722,获得什么力的工具，而是我们的目的人是目的就是我们的这一切啊，都是为了去维护人的利润的去满足人的愿望呢？,1
1723,或者说为了人民去追求，因为了人类的幸福呀等等所去做的人非人微风巨人是陆地。,0
1724,人应该独立的思考了一些判断它的作品就是。,0
1725,准备工作，,0
1726,购进了。,0
1727,对。,0
1728,李欣。,0
1729,你看，着张民主平等。,0
1730,自由好，但是它非常的自由啊，但是它本被暴力。,0
1731,我们是要九但是。不能用暴力的方式就会感觉到了革命的度数。,0
1732,这是看得到。,0
1733,那怎么运动呢，就进入的解出来M的思想。,0
1734,做了理论准备和运动的宣传基本宣扬氕露出人一千人民主填对吧自由平等这些都是这是上来就有的呀等等的直接的推动了美国独立战争和法国的大革命美国独立战争。,0
1735,每每地区当时的是这个是一个我经历，而是英国人的殖民地，那么当是在一七八呃一起八三年的时候。,0
1736,你期巴山的美国就造成了这样的。,0
1737,对战争就是不是要去摆脱因果给它的值要统治当什么是受到了题目是这样的影响而轻的，在后面进行。,0
1738,这是这个民主这里距离的时候呢也受到了三条中心思想的影响法国大革命的体现的更加的直接一线你法国大革命啊它稍微七八九年开始然后经过了比较长时间的这样的一？,0
1739,一个一个晋朝啊，在这个过程。,0
1740,曾经出现了三个共和国两个力国还有两个后面王朝基本上都是啊这个正负呢他呃从还什么能力然后人八厘米的发动机把这个正负给推翻。,0
1741,你把你这个发过给你了，特别是巴黎人民的，它只有这种很高的自由民主的意识。,0
1742,由注意这些国家建立资产阶级的统治啊，题目是想也成为殖民地般拟人跟。,0
1743,形成武器比如说对中国我们。,0
1744,在那个甲午战争后，有个人运动，还记得吗？,1
1745,找不着文章的智慧。,0
1746,康有为和梁启。,0
1747,洋务运动。,0
1748,苍凉这些，,0
1749,洋务运动是假如这单减的。,0
1752,康有为和梁启超这些人他们所领导的什么运动。,1
1753,底边上，,0
1755,对戊戌变法维新变法呢，对的啊，想起来了。,0
1756,对。,0
1757,哎呀，哎呀，,0
1758,啊，提一点。,0
1759,要给你一个。,0
1760,然后。,0
1761,啊，谁。,1
1762,那么半天，,0
1763,啊。,0
1764,这是还记得。这个事情啊这个戊戌变法当然还有二十。,0
1765,辛亥革命对吧都有受到题目思想固定一下这这个题目运用它对中国也有很大的，这样一个推动的作用的。,0
1767,四。,0
1768,好的题目运动的咱们就讲的这一块，那么这一部分难欧洲的相减和运动呢，咱们就讲到这里主要呢，讲了文艺复兴，它是十四到十七世纪的，我也不行啊，然后首先是从一道题开始，然后快点。,0
1769,那么其它的国家特别是因果莎士比亚他手文艺复兴啊发展到了一种高雅的结构。,0
1770,然后十六到十七世纪的时候呢，从德国首先开始了。,0
1771,开始这个宗教改革啊，代表人物呢，就什么一路得那么之后呢，这个宗教改革又扩展到其它国家比如说认识的家人改革英国的国家晚就是恒李白是它的一个改革等的。,0
1772,再进行宗教改革在这个人物。,0
1773,呃解放的同时呢，就这个文学啊，对这个科学的影响又出现了大的一场。,0
1774,变革就是一场革命好把它看成是科学革命有代表性的有天文学的哥白尼移物理学的牛顿的生物学的答文等等啊这些人物。,0
1775,哦。,0
1776,它的十七十八世纪的时候呢，这个字本质经济么快速发展怎么资产阶级就要要求去摆脱封建装置个什么学的物质，它们哲理性注意为心什么一个核心，然后提出自己的C。,0
1777,前五张听说自己对于这个理想社会的一个。,0
1778,一个描绘构建学了一个B线的王勃，那么它首先是从英国开始，然后扩展了老法国扮演到了一种高潮写的最后呢，就扩展到了什么德国呀之类的点地方不管什么因复兴还是做。,0
1780,中国改革还这里的清运动，它都。,0
1781,推动了思想的解放而琴中呢它更多的是偏向于政治方面推什么政治变一个运动的一个进行。,0
1782,啊。,0
1783,好这个，,0
1784,就是三个解方运动思想解放，以那个比较了。可以说是咱们昨天和今天这个，所以做的是那种一下。,0
1785,清楚，就没有什么问题了。,0
1786,首先时间上面啊，文艺复兴是四十七宗教改革主要是十六啊，答案，我们说，它一直扩展到了十七是几。,0
1787,由运动是十七到二十八实际背景呢，这个文艺复兴的时候只是一个萌芽这边乘以什么呀？,1
1788,然后宗教改革的时候，这问题，但是在进步呢？,1
1789,更多的啊，就是因为这个教诲。,0
1790,他的这种专家土质引起来那个引发的这种劳动之类的。,0
1791,九运动的时候呢，这个思想呢，思想进一个解放，然后资产阶级进的发展经济呢，资本主义经济较近的发展结果。,0
1792,行这个心情发展这个文艺复兴，他开始于一点E，然后凡是鱼诶噢，总价格呢，发育得一致。,0
1794,德国请问运动的兴趣因果后来呢，法国成中心。,0
1795,是的，,0
1796,那可以赏析它不是我控制的。,0
1798,小伙子。,0
1799,哼。,0
1800,我自己动一下，提醒一下。,0
1801,特点嗯，平常的对象上面这个文艺复兴的。,0
1802,你那你还是不要那样。,0
1803,嗯嗯，,0
1804,绝对值的我行的。,0
1805,我问，,0
1806,嗯呵呵呵。,0
1808,真的是，,0
1809,然后我会了。,0
1810,我这边的话，它会有那个题型。,0
1811,B。,0
1812,把一个往往放在前面，整个怎么又看了看了。,0
1813,一个突字一个小作业了。,0
1814,那么小，,0
1815,我说错的。,0
1816,好的，,0
1818,好的，,0
1819,我我一般很少买那种。,0
1820,我买过一个就是朝吧，比较海立方厘米的那个桥的那个一半儿有两个，但是呢，跟我们家自然段，它的帽子里衰变。,0
1821,这个就不对。,0
1822,第五题，,0
1823,但是你把那个也很便宜，一个三块。,0
1824,对选一个小小就这么讲这么大。,0
1825,好这个特点上啊，这个文艺复兴，它是批判就是说你学的世界。,0
1826,哎，主要真的就是绳学的，这样一个。,0
1829,行注意思想啊等等啊，一定要注意它没有区别。,0
1830,东绕改革的那么就是。,0
1831,哎。,0
1833,那我会呀，叫与之类的反对宗教的权威好吧，那这个叫难为教会到一些呃繁琐呀，不解不是记啊，这些封建的交易还有一些领袖而启蒙运动的话，他就厉害了，他不仅反。,0
1834,条呢，,0
1835,诶。,0
1836,照全还有反对什么专注的往前贵族的特权等级制度呀等等它的范围更广一些。,0
1837,咳。,0
1838,所涉及到的零文艺呢？,0
1839,宗教改革那个宗教，当它还涉及到了一定的政治的意义上。,0
1840,题目中的思想政治答案文学啊，各方面都有羧基。,0
1841,采用宣城思想的方式等于不一样我也复兴呢它主要是学习和恢复希腊罗马的古典文化你这样的一个谜语好答这样的一个题好。,0
1843,咳。,0
1845,而宗教改革，那就是去啊，这个。,0
1846,进行一个批判同学一段相等的。,0
1847,嗯，请浓运动，它就是一种更为直接的方式进行直接的批判，为什么能够直接批判的就什么它们的力量。,1
1848,变成。,0
1849,它们的力量变强，他可以公开低于这种综卷谁？,0
1850,就不一样。,0
1851,都知道的思想文艺复兴重要改革呢？,0
1852,就是我们说到这个问题，它的不同是七个。,0
1854,体现了我就不同的那。,0
1855,都可以说是这个人文主义。,0
1856,哦。,0
1857,五。,0
1858,哎。,0
1859,实质文艺复兴呢，它是符合创立就实际上你需要创立符合心字成绩所需要的新文化，而宗教改革呢，是一场资产阶级性质的是不是改革运动是想象力符合资产阶级立意的风。,0
1860,这种教诲，,0
1861,然后请问运动呢，就是早期资产阶级的思想解放移动最后所产生的影响。,0
1862,也不一样，把这个意义。,0
1863,我也不行解放了人结婚了人性啊是这个人的从宗教的数中解放出来去关注人本身和先世界等等。,0
1864,然后从这个时候呢它是进一步啊进步解放思想传播人文主义等等然后也因为它有趣宣扬这个宗教节日啊宗教教育救国定义的那就九这也推动的民族国家的情操和文化交流的八呀。,0
1865,啊。,0
1866,有利于资产阶级政治统治的建立啊五股这些人民啊，去进行独立呀，独立战争。,0
1867,好主要内容呢，咱们就讲到这一块来看看这个。,0
1868,标记个重点啊。,0
1869,嗯，你看一下，还有哪里需要再解释一下都。,0
1870,哦。,0
1871,要激动点嗯。,0
1872,哎。,0
1873,我给你需要记住啦。,0
1874,哦。,0
1875,诶。,0
1876,没有了吗。,1
1877,那能和。,0
1878,哦五个人。,0
1879,喂。,0
1881,没有的话，哎昨天晚上。,0
1882,没有了，当。,0
1883,昨晚上我给你布置的作业啊好啊。,0
1884,好玩做完，你都还不知道。,0
1885,一点都不知道。,0
1886,哦，我说的规则的一个晚上，我十点多就是。,0
1887,我我前段时间还表示。,0
1888,我把我也忘了。,0
1889,我做褒义的分类。,0
1890,我觉得做，所以。,0
1892,哼。,0
1893,等会有其他的我好像反应也有吧但是我是一个偏向于单眼皮的人非。,0
1895,所以。,0
1896,我做晚上主要是在那里像我们那个上个月的课时呀，什么的？,1
1897,哎呀。,0
1898,那么好多课，然后你看不到今天哎。,0
1899,你今天一好不是匀减。,0
1900,我经常应该。给你画一个三角形。,0
1901,我给忘了一个表。,0
1902,我要给你。,0
1903,对于人结果，它没有意思的。,0
1904,我讲一遍。,0
1905,嗯然后那个。,0
1906,昨天，我看啊，比如说啊，高考不是退学一个。,0
1907,啊。,0
1908,刚好课什么远，然后有一。,0
1909,对。,0
1910,就是通知，因为一二是盐截呀，看一下不很细。,0
1911,哦。,0
1912,呃以后没关系了。,0
1914,嗯，还，,0
1916,对吧，,0
1917,就像那个就大部分地区啊，就是。,0
1918,主语北京爱上北京还有湖北谈你的比较特殊嘛，是不是根据自己的情况，盐和还是。,0
1919,有自己安排证明，我就带一个。,0
1920,呃，我又带这个湖北的学生物块的学生。,0
1921,它就是它本来就是这个，他学习就是一会儿现象，如一会儿就没什么行不行。,0
1922,要上说的。,0
1923,还有什么，,0
1924,咱们先简单的就说多做题啊，休息一下。,0
1925,五。,0
1926,男生啊，,0
1927,我突然想到一个一句话啊。,0
1928,啊。,0
1929,你平时是怎么调节压力的呀？我我以前在学校的时候也会给一些小孩做一个幸福到之类的吗，然后问让你平时就说，我就会跟它两个你说你平时就。,1
1930,补充。,0
1931,找的。,0
1932,嗯，好。,0
1933,啊。,0
1934,哦。,0
1935,五。,0
1936,看书嗯，那这是个好孩子啊。,0
1937,其实你说了。,0
1938,我发现我玩的时候，我我有接着读那些有一直读的学校说，要怎么我就会阅读也罢到因为我说也不会我就放心，我因为我是处哈哈哈哈哈呵。,0
1940,我以前烦的时候，可以看。,0
1941,肯定各种各样的板块有没有去看一下言情小说就说觉得特别无聊，就是。,0
1942,嗯，就，是白的还到我翻到极值的时候根本不会去考也搞学习就即便你给我读不能说的科目我发现我一五十作我作拿手的科目要是哪一个没做出来啊我这么多呀。,0
1943,叫什么，,1
1944,然后哦，那这一周几把我的感觉矛盾了呵。,0
1945,谁。,0
1946,然后。,0
1947,是不是在学生时代的话，像一般我的这种。,1
1948,不是由于学习都是一对吧。,0
1949,嗯，但是越长大了呢，就是你把这个反应到点就会越来越多。,0
1950,CE。,0
1951,哎，我的话，我觉得我现在平静有点差，我觉得我以前皮呀。,0
1952,就是结合不太好我截完之后老疯了都是A你怎么变了你比前变得更清楚我说怪我怪我吗。,0
1953,我好，,0
1954,嗯，对你把它去回家。,0
1955,嗯呵呵，,0
1956,我以前是高要一个。,0
1957,五。,0
1958,那个多么好的一个好孩子，还可以还。,0
1959,以前的话会去读书啊，去回去。,0
1960,嗯，去去写一些笔记啊，我写一些文字呀。,0
1961,你想文意的那。,0
1962,哎，现在的现在的话，就是。,0
1963,派。,0
1964,好嘞，,0
1966,咱们看这个题吧。,0
1967,又要P的这个做题啊。,0
1968,把电路的这个是咱们的作业嘛，所以我给你布置的是宗教改革这块的。,0
1969,所以，咱们昨天没有做。,0
1970,把电路得反对流氓天主教会虚假的上工乘以。,0
1971,这题好像变小呢，你那边。,0
1972,我这边的话。,0
1973,嗯条件快点不？,0
1975,还可以，那就行啊嗯。,0
1976,可以了，,0
1977,认为春意不在上工而在还有是上底白白给人的嗯点只要内心信仰虔诚人人一些祭司均可以直接与上底沟通法电路得的这些言论主要目的是什么主要吗。,1
1978,物理就是你看它的目的，实际上就是它进行宗教改革的目的，对吧。,0
1979,就是宗教改革的不BD选项中跟碰撞该怎么里有关系的哎说推动理综就可以考的进行。,0
1980,没有。,0
1981,主要主要目的呢，就是最主要最根本对吧。,0
1982,这个。,0
1983,选择什么的啊，可以等于什么叫改革，但是这不是主要的，就是根本。,1
1984,所以说朴树人们对于宗教的明显它不是去摆脱宗教的。,0
1985,五。,0
1986,众数发什么？它不反对宗教。,0
1987,哎脱天路交汇的束缚最关键的是摆脱总听比较快的时候反推听我教会三类。,0
1988,你听我讲的。,0
1989,对。,0
1990,这个和的宗教信仰气自由宗教信仰，最后只是说它的一个升华也不是说它的一个根本没问题。,0
1991,嗯说，,0
1992,三角形中的了呵呵呵呵，都会有。,0
1993,哎。,0
1994,这个选C啊天主教悔。,0
1995,摆脱天体教悔的舒服宗教改革的目的就是这个。,0
1996,意大利人文主义个皮特认为。,0
1997,人类具有只有的一直这能力是他们班自己。,0
1998,把自己啊，做造成他们想象明喻样子，既可以把自己提升到什的层次也会受到B也是不还地理的地步。,0
1999,它强调了什么人类九自由对吧有只有个艺人，他可以乘什液体乘以乘。,0
2000,是这个意思吧，所以说突出了人性的，所以。,0
2001,这个。,0
2002,人性的尊严，如果说讲个人是不是乘以？,0
2003,你看，,0
2004,不能够就像这个第二个方面的话，它不能够体现出来。,0
2005,比如说揭露的天数就会的攀比没有涉及到题你教会。,0
2006,对不对，所以说迎合的大众的只去迎合大众。,1
2007,这个。,0
2008,这种观点因和大众的制取，咱们是不能得出来的，因为它没有讲。,0
2009,大众对它这个观点。,0
2010,D。,0
2011,再来一个嗯比较明它的一个态度啊等等地毯人类是四十对不对人可以他自己提升为什么一比多少位野兽等于水自身的住在。,0
2012,对。,0
2013,哎呀。,0
2015,咳。,0
2016,不是。,0
2017,咳。,0
2018,哦。,0
2020,加号才能看到。,0
2021,哎呦嗨画不了。,0
2022,哦哦，那就那就别看啊。,0
2023,两个是有两个值的话。,0
2024,X方的还不够的。,0
2025,嗯，那你就不要考的比较困难。,0
2026,好说的不好看一点，咳。,0
2027,你看我看看。,0
2028,啊，我的。,0
2029,你们应该是你没有提交他就没有。,0
2030,你看，,0
2031,啊，不行，,0
2032,所以说，,0
2033,乘的结果。,0
2034,我也学过的，所以这个同。,0
2035,而且关键网速作为天生一边的哦。,0
2036,啊，好习惯了读书的时候呢，那把你的我做一天我都不会觉得啥，我还约作业说。,0
2037,一边好图。,0
2038,好吧，不得做这一题不起来，我现在着做一下我的屁股疼。,0
2039,嗯，再看活动一下没关系。,0
2040,好的，,0
2041,这个。,0
2042,咳。,0
2043,啊。,0
2044,对词客这是C分的有问题发展你怎么样？,1
2045,五。,0
2046,哎。,0
2047,首先，我觉得应该不是知道的。,0
2048,哎不对。,0
2049,对。,0
2050,还有吗，,1
2052,哎。,0
2053,理清楚呢。,0
2054,那这样，的嗯拜拜。,0
2055,购进浪漫主义的心情。,0
2056,哪一个哪一个不是你画的画的，我这边下面了，我不知道你。,1
2057,啊。,0
2058,说，我们不了。,0
2059,这样的，,0
2060,嗯，你就直接说难。,0
2061,对吗，,1
2062,对。,0
2064,为什么。,1
2066,说，那个。,0
2067,今天你刚刚答的那个公式打在C上的图一上。,0
2068,这样的，,0
2069,嗯B。,0
2071,哎，哪俩这个几同步。,1
2072,填空。,0
2074,我这边显示你答的是谁？,1
2075,哎，对。,0
2076,痛苦。,0
2077,因为人类，你看从已知的。,0
2078,伴性了，对吧啊，然后去E是这个什么BC于科学又相结合形成来这个。,0
2080,啊，谁。,0
2082,好的好的。,0
2083,好写，,0
2085,那要注意的文学作品，它是在十八什积木十九世纪初的时候才出现。,0
2086,嗯，好。,0
2088,对。,0
2089,第二个。,0
2090,你那边看我圈的是第几个。,1
2091,你这里圈。,0
2092,我圈的是A呀。,0
2093,你这里圈的诗A的上面空白处。,0
2095,对。,0
2096,完了完了，我给你前面是B好，我就给你写一个B吧，对吧。,1
2097,来回跑了。,0
2098,啊，对。,0
2099,那就是那个大小没没痛苦。,0
2100,啊，快点，,0
2101,没有髫字题啊。,0
2102,那就这样吧，哎你，你看一下，先看着你先告诉我。,0
2103,很好，,0
2104,哦，不同的改革。,0
2105,呃。,0
2106,啊。,0
2107,哪一个你给我，你别给我画出来，我这里看的就是你在那儿乐。,1
2108,哈哈。,0
2109,你告诉我，哪一个选哪一个。,1
2110,哈哈哈哈哈哼哼哼。,0
2111,我猜是那个。,0
2112,好吧。,0
2113,哈哈嗯哎。,0
2114,急死我了。,0
2115,A吧。,0
2116,哎啊每个人都是自己自己的牧师。,0
2117,K就是得了。,0
2118,A。,0
2119,啊，对。,0
2120,A啊A是。,0
2121,哎。,0
2122,可以。,0
2123,也是A啊。,0
2124,正确。,0
2125,对的选A哪个都是自己的问题因为说这个。,0
2126,怎么几乎没有不是基督教图的，所以就涉及到了每一个人。,0
2128,做出选择这里要找跟宗教改革有关系。,0
2129,就讲这个哎，这个D人生畏就自由的，它没有涉及的宗教。,0
2130,这个是鲁迅说的观点。,0
2131,好难呀，做这个。,0
2132,好。,0
2133,好。,0
2134,画出来，,0
2135,休息一会儿啊。,0
2136,休息一会儿，然后我们讲这个资产这个乘以我们把那个。,0
2137,我要。,0
2138,你想一想啊，那个殖民扩张咱们讲了呢？,0
2139,咳。,0
2140,啊。,0
2142,哎。,0
2143,两个地理，他发现。,0
2144,讲的是那个。,0
2145,影响对吧。,0
2146,不知道，,0
2147,明明扩张，,0
2148,一旦发现，,0
2150,乙的发现就讲了几个人的这样的？,1
2152,横线上啊。,0
2153,哦。,0
2155,哎。,0
2156,嗯啊，,0
2158,哎少讲了一条。,0
2159,我说，怎么感觉少了一个东西。,0
2160,那个。,0
2161,我问一下你啊。,0
2164,啊。,0
2165,优美。,0
2166,什么西班牙的扩张啊氯？,1
2167,嗯，那你啊。,0
2168,什么商业革命家革命之类的？,1
2171,嗯嗯，,0
2172,哦。,0
2173,商业革命家革命产生了一个什么？,1
2174,哎。,0
2175,哎。,0
2176,哎，你规定也忘记了。,0
2177,嗯嗯，,0
2178,好吧，我自己找一找。,0
2179,好像有点没有没有完全的讲义。上来说，那次函讲了一半。,0
2180,找一找。,0
2181,啊。,0
2182,你先休息一下吧，等会来看吧。,0
2183,嗯，好。,0
2184,好。,0
2185,哎五。,0
2187,啊。,0
2188,啊。,0
2189,啊。,0
2190,A。,0
2193,一百。,0
2194,嗯嗯，,0
2195,呃。,0
2196,来。,0
2197,好可以了。,0
2198,那么嗯说。,0
2199,嗯，我这边一次看一看加个提出来。,0
2200,我切换一下啊。,0
2201,注意看这个。,0
2202,新进一下，因为。我确实记得。,0
2203,好像有块东西忘了给你讲。,0
2204,嗯一，,0
2206,对这个。,0
2207,哦对对对。,0
2208,这个咱们的一次项一周讲过了，对吧。,0
2209,然后这个经度张什么？,1
2212,看一下看有印象没。,0
2213,对吧，,1
2214,像温度下这个。,0
2215,讲了啊。,0
2216,用括找到，,0
2218,讲的，那就行。,0
2219,商业革命家革命什么的？,1
2220,讲了啊，讲的，那就先讲的，那我就可以了，我刚突然想起来，我判断一下好。,0
2221,呵，真的，,0
2222,什么大，,1
2223,那行，那咱们今天的话，这几个。,0
2225,呃。,0
2226,我们接着来啊，刚刚讲完这个题目运动对吧欧洲的磁性强运动的。,0
2227,那讲了。,0
2228,这一块儿，,0
2229,啊。,0
2230,你其实上节课讲的是这个。,0
2231,就是上上就上一周啊，像你给我讲的地。,0
2232,嗯资本主义的发展随着这个地理大。,0
2233,不断的这个世界市场呢，在不断的去呃开始形成，然后呢，不断的去扣住那么相应的思想上面也就也有这样的一个解方运动，那么思想的得到不断的一个解放啊，那么，这都推动了证什么变。,0
2234,那个正上进行资产阶级革命，然后呢，建立的资本主义制度。,0
2235,嗯，所以两个方面啊，一个是对于这块的咱们要注意两个。,0
2236,道题可以说，一个呢，就是资产阶级革命。,0
2238,这就是怎么样的啊，也是我们需要去。,0
2239,就是掌握了解的就学世界史的话啊。,0
2240,一没有出来，这个第一个资产这个为什么是资产阶级革命呢，资产这个面的钾盐。,1
2241,推动。,0
2242,弓箭推动封建风景制度之类的。,0
2244,早期革命的历史十米就是达到封建统治为发展四分之一到听到他的课文任务就是你资本主义过去制度取代风景，不许制度。,0
2246,这个封建装置应该能理解你看一下。,0
2247,像我们说的那个。,0
2248,我们中国有古代有皇帝对吧，这里的这个君主专制的中央集权制度，那就属于一种封建老封建统治，但是我们的资产这革命的是倒进来之后再出现的。,0
2249,在随着列强侵略了之后才出现。,0
2250,还有能通过革命的道路过渡到资本主义国家在历史上指针少数多数的是通过证。,0
2251,自上而下的改革所实现的就是虽然说有这样的一个革命啊，但是最终走神资本主义道路。,0
2253,哎，还是。,0
2254,通过改革实现的，但是在十七十八十九还有还有一些嗯，还没有国家是由是由这个改革完成过渡的也就是说这个资产阶级革命。,0
2255,它的主要的任务就是为了去达到封建统治，但中文它不一样，因为你看我们中国。,0
2257,病毒进来，我们也讲了对吧，用一个。,0
2258,呃。,0
2259,那个辛亥革命记得吗？,1
2260,D。,0
2263,现在革命比如说。,0
2264,它是一个嗯，是一个资产阶级领导的革命动。,0
2265,但是它的任务它可不仅是推翻封建它除了反封建还有什么？,1
2266,因为我听那个没了。,0
2267,但。,0
2268,青绿记得吗？我说，杆定主意青绿。,1
2269,我看看，,0
2270,反帝就是因为当时中国的性质。,0
2271,哦下的。,0
2272,四十啊，,0
2273,是半殖民地。,0
2274,所以我们面临的。,0
2275,五。,0
2276,这样的一个敌人啊就是我们所要取反对的一个是国内的封建社李清照。,0
2277,还有一个就是外国的地或旅游国家情愿。,0
2278,所以这个跟我们所历史上讲的这个这两句革命还稍微有不同分那个六上这个不同。,0
2279,那么还有就是在基本组织。,0
2280,资本主义制度它的一个基础就是资本家占有生产资料就是资本的。,0
2282,资本生产个久置。,0
2284,以及雇佣劳动做一个记号。,0
2285,它实际上是资本不是会用劳动的这个内角资产阶级革命的成功怎么在个国家就逐渐的建立了资本主义的经济制度啊为了维护他的分力你自定义要么求？,0
2286,也这里指的是个资本主义发展的政治。,0
2287,怎么样的有这个君主立宪何故和证明是顾客，我们说那个。,0
2288,四分之一啊，我写在这里啊，西方的举起来，我再教你的就正常来说。,0
2289,叫做。,0
2290,嘶。,0
2291,产积极带一致。,0
2292,但抑制资产阶级知道它是资产阶级性质，对吧背着就代替。,0
2293,这个。,0
2294,E形式这个一会权利，它代替行驶。,0
2295,它是一种间接名著的形式，那么在另一种大直角呢，一般有两种的。,0
2296,这个一种啊，就是君主立宪。,0
2297,君主立宪应该保有君主，但是呢，就通过宪法的形式去约数去限制君主的权利。,0
2298,对的，,0
2299,跟它。,0
2300,相对应的一个极端，就是君主专制砖的话，就是皇帝，我们说的算。,0
2301,君主立宪就是下呢，它又分为两个。,0
2302,这个一位置的君主立宪比如说，你看一下那个。,0
2303,经过一亩，它就是一个一未知的，我们说，现在有那个因为我的女王。,0
2304,那提到这一类小白，让它下一次。,0
2307,八十度起来就。看着我昨天看新闻啊，就是说它还它也在也在去隔离啊，因为照顾她的一个工作人员是被切成。,0
2308,做。,0
2310,所以它是。,0
2311,谁都不见，然后搞隔离非常的危险。,0
2312,那么像这种像英国的话它就是一种意味着的注意一下因为滑虽然说有国王但是国王的权利说的限制了它是没有。,0
2313,所以全呢。,0
2314,你可能会发现啊，因为国王。,0
2315,你就你往你看，这是一个象征，那实际上这个国家有什么什么，但是一般有又会去商讨对吧首项啊来出起这样的一个。,0
2316,啊，这么大的会议之类的。,0
2317,除此之外呢还有一种形式角二园致的题型。,0
2318,二元指的就是虽然说现在有这样的去规定，但是实际上你是不是这样比如说都。,0
2319,德国呢，它名义上是君主立宪值啊，但是。,0
2320,就是一个二元，你指的就是它的这个皇帝实际上是距离很大旋转，我宪法吧，但是也没有它的作用，所以是二元一次的，跟他类似的一个有这个日本。,0
2321,日本人家也是君主立宪还是什么时候开始的时候啊，君主立宪只啊。,1
2322,但是它是保持平衡的天王实际上就是最高统治者对吧，它是那样一个还全都是象征啊，但是他开始时候也是有比较大的权利的啊。,0
2323,第一种是君主立宪还有轴是民主共和。,0
2327,零度共和制相等又有两种一种是一位置的一种是总统至。,0
2328,哦。,0
2329,民主共和啊，就是用这种。,0
2330,数人的管理统治人民这一类的意思。,0
2331,这个总统治的。,0
2332,美国的就可以过了呀，美国总统，它是乘以的核心。,0
2333,单纯的权利最大的它是七的核心，应该有有发表什么呃同高啊，或者说。,0
2334,去是不是总统代表统治啊，还有一种是一会一会。,0
2335,民主共和，这就是相。,0
2336,考过，虽然说它有总统单身。,0
2337,呃，实际实际的权利呢，还是一会为一会的那个。,0
2338,看月球的更大一些这个西方的这个基本一致。,0
2339,哎呀。,0
2340,在十九世纪的时候，四分之一呢，在选择范围零记。,0
2341,我这怎么墙一个也就建立起来，这样的正确值。,0
2343,啊，我们主要讲的啊，这块内容了，还是其实蛮多的啊，一个是英国。,0
2344,英国的资产基准面一起，它最后是如何建立？,1
2345,金属的性质。,0
2346,然后第二个呢，就是美国美国的话，我们知道它是一个。,0
2347,就从这个历史上来说啊，它的力是。,0
2348,再减。,0
2349,比较年轻了一个国家。,0
2350,它是在十九十八世纪。,0
2351,负七可是八十几晚期才建立了。,0
2352,这样的四分之制度。,0
2353,也就差不多一百多年的时间，但是呢，他现在怎么乘以一个非常。,0
2354,交代强大的国家啊，还是为什么呢？两个题？,1
2355,还是先进行独立战争。,0
2358,法国的话，它的这个过程就是比较的曲折曲折艰难。,0
2360,好。,0
2361,那么扩展到其它的国家，比如说俄国意大利。,0
2362,它都是相遇建立的不同的这样的？,0
2363,四分之一制度所以我们这一部分的首先要学的就是个国家的讲英国美国和法国啊它这个。,0
2364,四乘接近革命。,0
2365,得包三它的一个进程，然后第二个就是还是如何建立起这样的一个字，分句制度的这个制度，它有体现了哪些内容，哪些特征。,0
2367,是这，,0
2369,啊，首先呢，就是因为。,0
2370,因果资产阶级革命。,0
2371,因果资产阶级革命提到这个。,0
2372,想想起来，,0
2375,五块钱及格了。,0
2376,嗯，回去回去，咱们这个课件里的一个背景。,0
2377,开根。,0
2378,清楚了一些。,0
2379,谁了，,1
2380,A减。,0
2381,开心可以和。,0
2385,你能你能把你那个截个图发给我。,0
2386,没有我没看旁边，我就看中间这一个杠杆。,0
2387,嗯，你第一个。,0
2388,你截个图发给我看一下你那边。,0
2389,嗯嗯，,0
2390,嗯，就是一个。,0
2392,一个小球，,0
2393,还有。,0
2395,嗯，你的。,0
2397,有。,0
2398,和。,0
2399,所以。,0
2400,来看。,0
2401,可以。,0
2402,这个。,0
2403,它是一个桥。,0
2404,反正就是英国的一个是不是有个什么叫溶洞。,1
2405,可以。,0
2406,我记得有一首歌叫那么？,1
2408,我的一看是这么呢？,1
2409,嗯什么温带条款下来。,0
2410,然后仔细看也不知道的。,0
2411,S有那样的一个一条。,0
2412,那因为给我看看还的。,0
2413,但是。,0
2414,这个小，,0
2415,哦哦，对不对，反正就是那个。,0
2417,人的白点。,0
2419,太五是上面的它不是和上面的一个大桥啊嗯跟大桥。,0
2420,能背几说。,0
2421,我令包活应当。,0
2422,咱们讲这个，因为我啊。,0
2423,成立那么接着看。,0
2424,这个人物也是蛮多的比如说乘一是。,0
2425,老人的有个题。,0
2426,高。,0
2428,我们先来看因为我为什么在这个时候会爆发自然界革命了？,1
2429,十七事情对吧。这些这些我们看一下。,0
2430,革命前英国的阶级关系发什么很难的变化。,0
2431,在场进行成为最富有的解析它不是最有钱的为什么有钱呢哎一个呢就之前它就是通过只能扩张这种方式有趣掠夺大量的财富但是还有更重要就是？,0
2432,所以你工商业。,0
2434,根据力量比较雄厚的是哪些大自然自己特别是就是我在伦敦上有趣的那些金融句子。,0
2435,呃，那些党的海外蚂蚁公司的鼓动还没公司都给你的公式还记得吗？,1
2436,我们在讲这么夸张的时候说的。,0
2437,这个东西的公式就是一个。,0
2438,我加入办公室。,0
2439,这是一个很就资产阶级最富有他们力量也最循环。,0
2440,嗯，还有一个解就是新贵。,0
2441,因为你看它是哎。,0
2442,叫贵。,0
2443,不够。,0
2446,会做语言的力。,0
2447,根就会说，相对的是吧。,0
2448,它是在十六世纪初恒力八十我们进行中下改革是形成的芯会阻有贵族的头衔想想贵族的特权，但是其进行方式确实资本主义的最大本质上又属于资产阶级的反应。,0
2449,嗯五。,0
2450,资产阶级还有新贵族欣慰着他们的为什么说基因方式是资本主义的呢，就是因为。,1
2451,它们主要的所成是的啊，就是功。,0
2452,就本来你说贵族啊。,0
2454,分组，它们是是不直接的去参与的，这种生产呀什么重？,0
2455,那么陌生啊，就是通过。,0
2456,地图啊去波形农民阶级啊。,0
2457,他们就升的取经商九经商儿袋还有这个。,0
2458,浩源一圈的这个就会族还有一些是原来就商人。,0
2459,变成欣慰，,0
2460,这里提到了杜鹃地宣帝我们有一个全名运动不然你还有没有印象。,1
2461,羊吃人的名。,0
2462,表示，到十五世纪十九世纪的时候呢，这个呃英国你溶液。,0
2463,选B。,0
2464,你一种什么？它的那个？,1
2465,啊，羊毛线啊，这个第一种就是需要更多的氧。,0
2466,所以我更多的人去乘以到这个洋洋。,0
2467,尤其是像一些贵。,0
2468,他们把G的。,0
2469,啊，这些农民的氧其他人的第几？,1
2470,完全的概念圈起来洋洋，然后获得具有的利润，那对于这些普通人来说。,0
2472,他们就失去的土地是不是开始流亡啊，破成了等等比较陆洋诗人的语言。,0
2474,就这。,0
2475,那么这是七革命前两个接近呢，一个是资产阶级一个是欣慰。,0
2476,就成为了新鲜的这一个生产方式，各代表着而相遇，它相对的心声相对的衰弱的就是这个封建社会的两。,0
2477,一个是方便贵族和一个是能米，那么这样的话风景制度在不断的组成衰落，而心心的这些资产阶级可能力量大强的。,0
2479,这是一个前一题啊，他们逐渐变强的就要求去。,0
2480,反抗这样的王成林。,0
2482,前提就因为。自然地理和相关。,0
2483,在经济上任意强的，而且呢，这两个接近它们的立意上实际上是一样的，对吧都要求发展资本主义，这也就意味着它们可以怎么样联合起。,0
2484,联合起来去看。,0
2485,这是第一个方面。,0
2486,当还有怎么说，就是它这个英国资产阶级革命还有我说。,0
2487,我之前我也不新颖。,0
2488,嗯解方程呀。,0
2489,中国改革要是问题。,0
2490,刚刚最根本上就是晶体。,0
2491,嗯，你上资本主义受到专制的阻碍，他首先的是一六B六四零年。,0
2492,第六次里面爆发，当更早之前啊，我们稍微稍微再把前面的T一下。,0
2493,更好之前呢，在大概十三世纪的时候。,0
2494,十三是一二级进入呢。,0
2496,这个英国呢，它就是一个封建王朝封建专制同志。,0
2498,当时还是还叫做中什中世纪的时候啊，周世纪惋惜的时候。,0
2499,当时呢，由这个。,0
2500,呃约翰啊，这个国君。,0
2501,它呢，因为很是这样式的啊，因为它们实心专注土质引起来那个不满，所以呢，这个贵族啊，和这个平行的做点回来去反抗这个月汉要求它呢，要求去限制它的值域，于是个强迫这个运算。,0
2502,变成什么，,1
2504,三分之四。,0
2505,签字干什么呢，就是去限制国王的权利。,1
2506,就说，哎，你要真说的话，你必须针对这个会不会的肯定。,0
2507,之前的十分事情，那到了十七事情资产，你可以是怎样去答的，我们看一下这个一六四厘米资产阶级革命爆发阴翳这个应用。,0
2508,说到底，你还是跟这个还真是有关系。,0
2509,一个材料看一下啊，这个一六四零年的时候。,0
2510,对不对。,0
2512,对你往因为刷白趋势那么加入试一试。,0
2513,对吧，,0
2514,它呢，是专指我们确定统治者，他强调这种我们全身受学说把自己至于法律追上的是高低纬，还有公平生活十分呢？,0
2515,这个好法收集。,0
2516,然后这个王数王数是零D和其实圈的时候不还是只能照顾断开一会去装水。,0
2517,当时他周岁呢，这个照片一回说，要证谁正手这个心血，但是呢，当时一会的校也没有同意，没有乘以国王就完全。,0
2518,写下来。,0
2519,有三条之后就很多你有没有张开吗。,1
2520,一点二五年的时候，专门试因式趋势，那么，他的儿子程度是查理因式。,0
2522,要注意啊，他的儿子不是说什么扎里二不是什么这么少，是不是乘以是？,1
2523,在一六二班里的时候，又会就提出说要通过这样的权利取出来限制往前，他勉强接受。,0
2524,但是呢，在一六二就在后面的时候又快又反比如说。,0
2525,那我问的是什么政策光又把这个一会给解出来的？,1
2527,开始了十一名的无意苦的统治时期没有一会，他的前面就是非常大的，没有什么说的线。,0
2528,灰心反动政策，对于资产阶级和功能来群众到什么起来的伤害。,0
2529,哎，结果到了一六三级。,0
2530,六三题呢，我们知道英国。,0
2531,之类的对吧，这样的组成啊。,0
2532,六个人人民爆发的气，他为了他去证压气，然后就需要大量的几倍。,0
2533,没有钱，所以要干什么呢？召开就会去装水去超级这个均分，但是本身你看又会有。,1
2534,好多年没有召开了对吧，你召开就要用，就要前这谁说的这种是不是啊哎这个一会呢，就对这个关键性猛烈的抨击我们又很生气，又跟它边一样啊，把这个一会理解。,1
2536,第二个新闻的反复的腥味就提出来是不是愤怒争取思维思维好之后呢这个檫力过光那还有于是就和一会我们各种矛盾？,1
2537,一六年的时候不都不在状态会这个也可以求出来，是在你纸九。,0
2538,哎呀。,0
2539,对。,0
2540,也就是，,0
2541,一定要四年。,0
2543,革命的这个二方啊就是圆以这个国王和意会的这种矛盾冲突。,0
2544,还行。,0
2545,这个从十六十七世纪初老师又老师七十一出道是七十一三十年的。,0
2546,那是谁。,1
2547,意忘筌偷偷在不断的佳句之后呢，甲的演变成了一场革命。,0
2548,那具体的这个。,0
2549,进城，然后我们。,0
2550,很前面这个。,0
2551,哎，对它不是谁？,1
2552,这个，我们先大概看一下。,0
2553,这样，你到一九四九年的。,0
2554,发生了两股，你干嘛？那么其中这个？,1
2555,呃在后面啊，私有你们四九年的时候，这个乘一是。,0
2556,对吧，,0
2557,之后，这个五三年到一九一九年五九年的时候，这个人呢？,1
2558,对呀，,0
2560,做了V二呢，它就建立了读踩军事读才统治，它虽然说没有车。,0
2561,没有称帝，没有乘以我忘了带什么，它在零的都差同志。,1
2563,什么。,1
2564,在他死之后呢一六六厘米。,0
2565,除以二次方程，它是负B，这里是不用抄你六八八年的时候呢，这个复制元朝负面。,0
2566,这个一会，请的这两个人与。,0
2568,还有一个。,0
2569,如如果。,0
2570,来躬指正乘以新的国王，我们把它称为是光合作用。,0
2571,在第二年的时候一六八九零右半边。,0
2572,这里呢，他的民族正比形式一七厘米的时候，为了那个。,0
2573,啊。,0
2574,对。,0
2575,就颁布了方位置乘法大概的进行一个正一个。,0
2576,好。,0
2578,不行。,0
2579,过程，你有心理，你开始，然后呢，中间这个正提供和这一题和读才整体进行了这样的一个较量，把之后呢，这种建立了君主立宪以什么？,1
2580,就是大概的有关。,0
2582,下面来看，具体的我刚刚讲了这个开始对吧啊，然后呢，就是这两个你讲。,0
2583,啊。,0
2585,第一次面占了这个我们说主要是国王很隐晦。,0
2587,也就分成了两派一个呢，是国王哪一个呢就一会。,0
2589,一会，这个杯子国王方面的话，它有提示的，我们把它是不是知道它包括就会族还有高级关于国家都是的，主要是找一些真题比较比较落后的西北部西北部的就是这是一个标准。,0
2591,对。,0
2593,来啊，,0
2597,几个土黄色的这个你看这个图。,0
2609,看，这是国王的实力。,0
2611,然后一会等一会党的话太出来绝缘舞蹈包括资产阶级新贵族还有一些城市平均等等。,0
2613,国王有矛盾冲突的这些。,0
2615,那主要是在这个都能不能。,1
2616,错误黄色，,0
2617,就是黄色的所现是这个。,0
2618,在这样的一个第一次那两个这样有一个国王的笔，给好一会的军队进行作战的这样的，然后还这样一个过程，你会发现它就知道了上面那么光方面取得了最后失败，让这个火往乘以什么呢，它就被。,0
2620,那第二次的主要就是光分泌光放一会派呢？,0
2621,对。,0
2622,它分为独立排和平的派最后呢还是一块块取得胜利给我乘以是能被做一个叛徒报君杀人犯和国家敌人而最终斩首。,0
2624,拜拜。,0
2625,其星座啊，它的把那个国王低头，我也可以约了吗，是不是啊？,1
2626,展示。,0
2627,这样的，你可以把它倒扣砍掉了，然后你拿着揪着那个差异是低头哎，这样去血液，然后底下的什么一种有这一个化合物。,0
2628,所以你查了已经是它就是历史上，因为历史上第一个被公开，除四的这个应用过空了。,0
2629,差异是差异是死了之后呢之后呢就建立的这样的一个共和正。,0
2631,一定要四九年到一的五三你建立。,0
2632,这个因果共和国啊这个共和国的建立一个是革命达到最高分的表现但是它不是真正的综合。,0
2633,可以。,0
2634,更多的是一种暴力高压怎么？,0
2635,因为主要是由这个克隆远啊，这些人，他们。,0
2636,在六五三年到一九一九年。,0
2637,哎有发动政变减向量这个又会照给运用国会就任苦苦主。,0
2638,所谓的硕果率就是维护共和国。,0
2639,捂住但实际上呢就是建立了读彩图。,0
2646,我们才可。,0
2647,怎么样则之后呢，他的儿子继承他到位。,0
2649,叫那个王位但是呢不具备什么微信了这一句那个洞呢。,0
2652,资产阶级和新贵重的弹力就。,0
2653,就说，政治移动的就行了吗？,0
2654,有一个强有力的，我们来管理这个国家寄希望于就完成，那就王朝这个查理二式啊，它有生态间的都是养成这个完成内部的矛盾。,0
2656,句话，读它把克隆是手还发出来修首诗。,0
2662,这个通共和正提到度。,0
2663,讲到，,0
2664,再到负B王朝还有进行这样一个较量，它没有最终的确定下来。,0
2667,说。,0
2668,最后在这个。,0
2669,也不好，,0
2670,一六嗯，有。,0
2671,小数。,0
2672,没有。,0
2673,一六零年之后。,0
2675,哎，对。,0
2676,一九六零年之后，这个乘以二是。,0
2679,还要是它的这样一种。,0
2680,专注同志还有它的继任者是占五。,0
2683,M是二是这样的一个路牌统治都是引起了什么样的病呢？,1
2684,最后呢人民是把它给这种出去了特别是这个檫力要是它要是它是一个碳扶住哈然后他表面上是。,0
2685,但在人名的一边的但是最上面还是派给你去证压什么在这七呀活动啊。,0
2686,对它是。,0
2687,二倍人民做去之后它当然也是死了啊这个中午十二时的话是被最后君主出去了。,0
2688,啊，都没有国王没有光的话，哎，这个时候呢，就把它的光荣个路。,0
2689,第六八百年贵重的玻璃缸和灰色的量当中。,0
2690,连接具有王维以及长城的山姆什二十等于二十哪里？,1
2691,和他的老公荷兰执政为连。,0
2692,来到英国当年高考。,0
2693,真的就是。,0
2694,啊，怎么说呢，人类在家中坐恒为填上买的动能和弹性势能为零，它是没想到自己也能够去自由试试。,0
2696,啊，确实取的是一个公主，对吧。,0
2697,对。,0
2698,最后。,0
2699,不。,0
2700,还是被选被请你去当这个国王啊，尤其有倍数的加速度是二十到我为为什么选这两个人呢来当中。,0
2701,啊。,0
2702,对。,0
2703,就是它的首选哪里，它是图造图，而且它长八减去这个英国人对吧。,0
2704,来说。,0
2707,所以呢，虽然说它是这个合力是这样，但是呢，它又是新么国家和两个原因少。,0
2708,加二十。,0
2710,哎如果说它能够来到英国的话可以哎跟这个荷兰荷兰人联合起来连和小于它的浮力变大它可以去对抗来依法回到位写那么还有就是重要上面因为我可以解出来念出题比较综合的危险的。,0
2711,快点。,0
2712,看着。,0
2713,我说，,0
2714,湄公河幂的乘方。,0
2715,啊，所以呢，V零应该这个时候再一九八八年的。,0
2717,来到因果什么在五十二是最后就桃树来发过这个证明就取得了稍微。,0
2718,我们把这个称为是关于怎么就是这个。,0
2719,能够成功是尽量非常顺利的六六写出，因为数学时间。,0
2720,就是光路可密啊，请了一个往前面说啊，革命刚开始是杀了一个网对吧，少了整理是而是啊，第二个呢，又是虚轴了一个网，就是假如是二十对后呢，又是请了一个万有引力。,0
2721,所以等于十。,0
2722,是这样一个过程。,0
2723,好，就是出去之后呢，这个做一个。,0
2724,交换啊，因为你来当国王呢？,0
2725,所以首先我们把一个约数限制这个为零的，它有一个图。,0
2726,对了，,0
2727,这个时候颁布了权利法权利法还再次的用法氯的形式来去。,0
2728,扩大一会的权利来限制完全不限制了德国每个权利。,0
2729,第一个我说，繁为精力会的同意你给我忘了权威平直法律和纪律法律时是直线与权利，所以非法行为。,0
2730,啊。,0
2731,五。,0
2732,光不能概率。,0
2733,哇。,0
2734,B。,0
2735,啊。,0
2736,五米。,0
2737,说，提示，,0
2738,哦。,0
2739,平均反例就是。,0
2740,所以说，你不会忘吗，你不能随意的把这个反应。,0
2741,好第十一题。,0
2743,你得经过一会的统一。,0
2744,嗯，这个啊。,0
2745,所以现在你知道它的。,0
2746,哦。,0
2747,立法去，,0
2748,我不能随意的废除或者说制定。,0
2749,然后第二个说凡是位近义会什么从这个口光特权魏国跟说。,0
2750,是用来证。,0
2751,啊。,0
2752,哦。,0
2753,我们不能干什么。,1
2754,等一下，,0
2755,我不能随意的去证，谁最后一个。,0
2756,除进一位同学之外，平时在本国王在本文，我内部砧木或者是未知长辈金属金属可以吧，这个。,0
2757,啊，不能够。,0
2758,但是它不能够这里是整数。,0
2759,对。,0
2760,那你不能。哎，军事上面的权利。,0
2761,你不能谁的去设计成一个军队叫什么这个进率是国家的啊，不是一个人的献给了国王的句式。,0
2762,但是在这里呢，对光和行政区还没用心。,0
2763,武装君子之。,0
2764,好光学的意思说，表现的那么相当于一个。,0
2765,第一问的权利，它就变大了啊，给了一会更路程比上B。,0
2766,什么。,0
2767,就会就写你去因式自由的。,0
2768,选举全对吧，第二个说啊，又快之演出自由辩论基因。,0
2769,九不因受到谈和和行了。,0
2770,这个权利，,0
2771,两个九。,0
2772,最后一个所以生选一切宿缘病危修正加强因为护法绿体线国会因式。,0
2773,对。,0
2774,没有。,0
2775,嗯，它有权利去吃。,0
2776,对呀，,0
2777,呃少啊。,0
2778,但是咱们的时候尤其是。,0
2779,嗯，对你，你的千米。,0
2780,你会选。,0
2781,神情。,0
2782,然后审题之后，你才能过去。,0
2784,要给我钱。,0
2785,不然的话，你看你如果说大F在那个。,0
2786,啊。,0
2787,哦。,0
2788,五级和一波人在能答出一个横着什么的什么什么什么什么课老苯环和血汗钱什么的那就是一个非凡啊。,0
2789,F一，,0
2791,贝塔。,0
2792,角一呢，,0
2793,然后这个题是不可以就想成立。,0
2794,啊，没，,0
2795,嗯课浪嘿人，你不是。,0
2796,这叫文中很搞的。,0
2797,哼。,0
2798,好拜拜，,0
2799,不用，我就带很多学生都是这个。,0
2800,然后再。,0
2801,揭晓分钟，,0
2802,浙江温州。,0
2803,那这个点，我那个。,0
2804,一个长倒闭了。,0
2805,学了。,0
2806,五。,0
2807,写了你给你见到你运动的。,0
2808,这个下课之后，会完全不是BC。,0
2809,对了，,0
2810,这个见闻周这个叫温州。,0
2811,好这个，,0
2813,这样的P的长度。,0
2814,刚刚说的啊，当然革命的话，一六八八。,0
2815,这个叫文章和边我们就。,0
2816,没有。,0
2817,嗯呢，,0
2818,首先来看，第一个呢，它由此建立了君主立宪是正比，它通过这样的革命方式间接的方式，那建了一个民族正题通知方式从人质走向了法制用法律来限制来归。,0
2819,五百化合物，,0
2820,咳。,0
2821,用各种权利。,0
2822,所以，它的一个大幅度封建统治这个疯掉文抄。,0
2823,呃。,0
2824,涂鸦头发很长建立起了资本主义制度，对噢。,0
2825,你说，,0
2826,因为就是在欧洲来说，英文的话，它是比较早的，建了这样的一个思路，你去记住它被称为七方。,0
2827,政治制度支路。,0
2828,对。,0
2829,A。,0
2830,嗯，就是因为它的这样一种革命以及后面。,0
2831,因为欧洲其它的国家比如说。,0
2832,啊这个发过呀这其它的国家民国唉等等。,0
2833,给我提供借鉴。,0
2834,嗯，中间这些都是五。,0
2835,对应过来说，那么，因为我是会从。,0
2836,那个长以为你发生的时期。,0
2837,实践表明，他是是回应我这个。,0
2838,角。,0
2839,后面十八是不是工业革命之？,1
2840,证明的这个。,0
2841,主要是给了因为五乘以了。,0
2843,嗯，不落地过。,0
2844,为啥叫是不会听过？,1
2845,嗯，就是有很多的殖民地。,0
2846,对不来的。,0
2847,不过。,0
2848,嗯，后面又被成的是世界。,0
2849,不利的藤萝的我不是因为它。,0
2850,我们不是不是因为它其实张的地方呢？,1
2851,因为它实际上是当时时间贸易的中心，就是一它，首先。,0
2852,进行了工业革命。,0
2854,对要证明这个。,0
2855,因为自然那个面呢是是接近呀。,0
2856,啊A是这样去。,0
2857,二分。,0
2858,但也有就是按照那个地理吧，大概。,0
2859,真的这个，,0
2860,都可以都可以啊，明白这个说法。,0
2861,BC。,0
2862,这个力，,0
2863,哎。,0
2864,好。,0
2865,一定有八九年的旋律烦的难度。,0
2866,权利的力是哪里？,1
2867,人力烦的例一十。,0
2868,乙和。,0
2869,这个例一。,0
2870,权利的力啊，这个因为提到法律上你一般是这种权利。,0
2872,一种。,0
2873,那从。,0
2874,哎，你乘。,0
2875,这个就出不确定了英国的句。,0
2876,那么君子的权利什么线？,1
2877,哎，那列。,0
2878,一会是国家这个墙已经扣。,0
2879,人类的。,0
2880,成绩关最高立法机关和。,0
2881,这道醛基机关那个长恶心更全手艺回线路。,0
2883,那么这里第一句君主的前面说的线。,0
2884,这个原来我们说资产阶级和新贵族，它们是联合起来的，对吧，想要去推翻中分线。,0
2886,为什么最后还保留了这个军？,1
2887,为什么它们就是我们要把这个清楚？,1
2889,这实际上体现了一种图形，如果说他力量很强的。,0
2891,它让你把它通分掉。,0
2892,但是呢，资产就是青翠竹，虽然说力的。,0
2893,完全能跟这个封建。,0
2894,不是多少，,0
2896,三的这样一种这样一个程度，而且方向跟。,0
2898,它的受力是非常强大的，不可能说做通过这样的一个革命这个这个。,0
2901,也会翻掉。,0
2902,所以最后做错的同学都是谈到了君主立宪。,0
2904,保留的君主，但是君主乘以什么线？,1
2906,就是说，它分为上运货箱元两元。,0
2907,去。,0
2908,加润上面它的组成人是不一样。,0
2909,上面的时候，柜子组成。,0
2910,快读呀教授啊，还有一些。,0
2912,佳颖的话，时候，资产阶级时候，这些平明做组成的。,0
2914,它是主要的资产气。,0
2915,哎这个那么这个一会他就更不管是乘以来小月。,0
2917,嗯，是这个。,0
2918,秘法钱才正弦型中间都全等。,0
2919,它可以监督这个那格的形状。,0
2920,好，这是因为另外呢，还有这个那个的。,0
2921,像。,0
2922,有这个首项。,0
2924,犹豫会吓人的这个。,0
2926,度数党的领袖还在动的。,0
2927,五分之三。,0
2928,首先要组成那个。,0
2929,然后国王的话，国王。,0
2931,虽然说有广，但是它是同而布置团布置就是说虽然说有个国吗，但是它是不想用这样的一个距离的权利的，它没有十全。,0
2932,五十全。,0
2933,但是他在维护国家团结分离什么外交。,0
2934,发挥过重要作用是我的象征是成立的象征，它是一个理解性理性的。,0
2935,所以说，我们讲那个。,0
2937,我习近平你要学会模仿温度。,0
2938,能首先接近它的。,0
2939,好，这是三个主要的结构，那么具体的。,0
2940,还有是如何体现这个？,1
2941,嗯，至于啊，就分成值约志恒的。,0
2942,首项一会还有那个因为刚才说了有两个月。,0
2944,那么两运动下运的吨数当磷溴就自动的成为这个首项。,0
2945,虽然说这里叫资本成为该什么位上？,1
